CollectingEvent,Chakra,Tree,Dist,Ht,Diam,Trt,Branch,Date,Fruit (y/n) ,Size (if Y for Fruit),Notes
2501,CC1,1,23,123,7,O,A,10/21/2016,N,,
2501,CC1,1,184,201,1.5,H,B4C4-5,10/21/2016,N,,
2501,CC1,1,94,184,6,O,A6-7,10/21/2016,N,,
2501,CC1,1,87,150,8,O,B,10/21/2016,N,,
2501,CC1,1,104,162,7,H,B1-2,10/21/2016,N,,
2501,CC1,1,373,143,1.5,O,B4M1-2,10/21/2016,N,,
2501,CC1,1,381,127,1,O,B4O-P,10/21/2016,N,,
2501,CC1,1,92,177,1.25,H,C1F,10/21/2016,Y,1.15,
2501,CC1,1,92,176,1,O,C1G,10/21/2016,N,,
2501,CC1,1,95,178,1.5,O,C1E,10/21/2016,N,,
2501,CC1,1,98,181,1.5,H,C1E,10/21/2016,N,,
2501,CC1,1,100,184,0.75,O,C1H,10/21/2016,N,,
2501,CC1,1,41,118,7,O,C1-2,10/21/2016,N,,
2501,CC1,1,167,168,2.25,H,C6-7,10/21/2016,N,,
2501,CC1,1,163,170,1.5,O,C4,10/21/2016,N,,
2501,CC1,4,123,134,6,O,A1-2,10/21/2016,N,,
2501,CC1,4,124,135,5.5,H,A1-2,10/21/2016,Y,CW,
2501,CC1,4,141,137,5.5,O,A1-2,10/21/2016,N,,
2501,CC1,4,157,136,5,O,A2-3,10/21/2016,N,,
2501,CC1,4,185,133,4.5,H,A2-3,10/21/2016,Y,0.97,
2501,CC1,4,229,139,4,O,A3-4,10/21/2016,N,,
2501,CC1,4,211,124,3.5,O,A3,10/21/2016,N,,
2501,CC1,4,216,124,2.25,H,A3,10/21/2016,N,,
2501,CC1,4,226,124,2.25,O,A3,10/21/2016,N,,
2501,CC1,4,85,133,8,O,B,10/21/2016,N,,
2501,CC1,4,95,142,8,H,B,10/21/2016,Y,1.03,
2501,CC1,4,116,158,6.5,O,B1,10/21/2016,N,,
2501,CC1,4,129,154,5,O,B2-3,10/21/2016,N,,
2501,CC1,4,137,155,5,H,B2-3,10/21/2016,Y,1.2,
2501,CC1,4,151,156,5,O,B2-3,10/21/2016,N,,
2501,CC1,8,129,173,0.75,O,A3C,10/21/2016,N,,
2501,CC1,8,129,173,0.75,O,A3C,10/21/2016,N,,
2501,CC1,8,80,144,3,H,A3,10/21/2016,N,,
2501,CC1,5,185,203,3.5,O,A6-7,10/21/2016,Y,0.4,
2501,CC1,5,172,186,2,H,A3C-D,10/21/2016,N,,
2501,CC1,5,141,147,5,O,B2-3,10/21/2016,N,,
2501,CC1,5,160,122,2.5,O,B1C,10/21/2016,N,,
2501,CC1,2,27,104,19,O,B,10/21/2016,N,,
2501,CC1,2,47,114,15,H,B,10/21/2016,N,,
2501,CC1,2,47,114,15,H,B,10/21/2016,N,,
2501,CC1,2,173,193,3,O,B1A,10/21/2016,N,,
2501,CC1,2,178,198,2,O,B1A3-4,10/21/2016,N,,
2501,CC1,2,178,198,2,O,B1A3-4,10/21/2016,N,,
2501,CC1,2,182,198,6,O,B1B-C,10/21/2016,N,,
2501,CC1,2,144,180,13,H,B1-2,10/21/2016,Y,1,
2502,CC2,2,28,132,5,O,A,10/21/2016,N,,
2502,CC2,2,91,162,4.5,H,B1A-B,10/21/2016,N,,
2502,CC2,2,117,156,2.5,O,B1B,10/21/2016,N,,
2502,CC2,2,173,162,1.75,O,B1D,10/21/2016,Y,1.35,
2502,CC2,2,224,149,0.5,H,B1E7,10/21/2016,N,,
2502,CC2,2,140,141,2,O,B2,10/21/2016,N,,
2502,CC2,2,231,136,1.75,O,B3A3-4,10/21/2016,N,,
2502,CC2,2,143,197,0.5,H,B1A5,10/21/2016,N,,
2502,CC2,3,142,142,4.5,O,A1A,10/21/2016,N,,
2502,CC2,3,282,112,0.75,H,A1A6G-H,10/21/2016,N,,
2502,CC2,3,241,121,1.75,O,A1A6-7,10/21/2016,N,,
2502,CC2,3,185,161,3.5,O,A1B,10/21/2016,N,,
2502,CC2,3,232,176,2.25,H,A1C,10/21/2016,N,,
2502,CC2,3,261,191,2,O,A1C,10/21/2016,N,,
2502,CC2,3,288,204,1.5,O,A1C1,10/21/2016,N,,
2502,CC2,3,185,178,3,H,A9-10,10/21/2016,N,,
2502,CC2,3,320,146,1,O,A8L,10/21/2016,N,,
2502,CC2,5,74,134,5.5,O,A1-2,10/21/2016,N,,
2502,CC2,5,93,141,2.5,H,A2,10/21/2016,Y,1.56,
2502,CC2,5,140,122,2,O,A3 ,10/21/2016,N,,
2502,CC2,5,140,122,2,O,A3 ,10/21/2016,N,,
2502,CC2,5,190,120,0.5,H,A3C1,10/21/2016,N,,
2502,CC2,5,190,120,0.5,H,A3C1,10/21/2016,N,,
2502,CC2,5,200,104,0.75,O,A3F,10/21/2016,N,,
2502,CC2,5,200,104,0.75,O,A3F,10/21/2016,N,,
2502,CC2,5,108,150,2.5,O,A4,10/21/2016,N,,
2502,CC2,5,128,142,1.5,O,A5,10/21/2016,N,,
2502,CC2,5,20,92,5.5,H,B,10/21/2016,Y,1.5,
2502,CC2,5,20,92,5.5,H,B,10/21/2016,Y,1.47,
2502,CC2,5,42,98,7,O,B,10/21/2016,N,,
2502,CC2,5,42,98,7,O,B,10/21/2016,N,,
2502,CC2,5,118,149,3.5,O,B1-2,10/21/2016,N,,
2502,CC2,5,26,93,4.5,O,C,10/21/2016,N,,
2502,CC2,5,57,94,3.5,H,C1-2,10/21/2016,N,,
2502,CC2,5,97,83,2.5,O,C2,10/21/2016,N,,
2502,CC2,7,54,196,6,O,A,10/21/2016,N,,
2502,CC2,7,135,82,1.5,H,A1A,10/21/2016,Y,1.49,
2502,CC2,7,157,1,1,O,A1A5,10/21/2016,N,,
2502,CC2,7,158,1,1,H,A1A5,10/21/2016,N,,
2502,CC2,7,158,1,1,H,A1A5,10/21/2016,N,,
2502,CC2,7,170,66,0.75,O,A1A5-6,10/21/2016,N,,
2502,CC2,7,136,112,1,O,A1B,10/21/2016,N,,
2502,CC2,7,143,113,1,O,A1B,10/21/2016,N,,
2502,CC2,7,138,113,1.5,O,A1C-D,10/21/2016,N,,
2502,CC2,7,88,103,2.5,H,A2A-B,10/21/2016,Y,1.44,
2502,CC2,7,99,109,2.5,O,A2B-C,10/21/2016,N,,
2502,CC2,7,101,111,2.5,O,A2B-C,10/21/2016,N,,
2502,CC2,7,117,121,2.25,H,A2B-C,10/21/2016,N,,
2502,CC2,7,160,143,1,O,A2C,10/21/2016,N,,
2502,CC2,7,160,143,1,O,A2C,10/21/2016,N,,
2502,CC2,7,168,148,0.75,H,A2C2-3,10/21/2016,N,,
2502,CC2,7,157,150,1.75,O,A2D,10/21/2016,N,,
2502,CC2,7,68,90,1.25,O,B1,10/21/2016,N,,
2502,CC2,1,136,133,4,O,A4-5,10/21/2016,N,,
2502,CC2,1,195,176,3.5,H,A5,10/21/2016,Y,1.38,
2502,CC2,1,216,185,2,O,A5B-C,10/21/2016,N,,
2502,CC2,1,216,185,2,O,A5B-C,10/21/2016,N,,
2502,CC2,1,69,99,1.75,H,B1,10/21/2016,N,,
2502,CC2,6,41,153,6,O,A,10/21/2016,N,,
2502,CC2,6,61,159,5,H,A1,10/21/2016,N,,
2502,CC2,6,76,155,4.5,O,A1,10/21/2016,N,,
2502,CC2,6,110,159,1.5,O,A2A,10/21/2016,N,,
2502,CC2,6,55,171,2.25,H,C1,10/21/2016,N,,
2502,CC2,6,147,121,2,O,B2,10/21/2016,N,,
2502,CC2,6,161,113,1.25,O,B2,10/21/2016,N,,
2503,SJ1,2,-,156,11,O,MT,10/25/2016,N,,
2503,SJ1,2,-,161,11,H,MT,10/25/2016,N,,
2503,SJ1,2,-,168,11,O,MT,10/25/2016,N,,
2503,SJ1,2,49,187,6,O,B,10/25/2016,Y,1.4,
2503,SJ1,2,201,159,2.5,H,A1C,10/25/2016,Y,CW,
2503,SJ1,2,266,149,2,O,A1C,10/25/2016,Y,1.15,
2503,SJ1,2,323,120,1.75,O,A1C,10/25/2016,N,,
2503,SJ1,2,197,166,3,H,A1C-D,10/25/2016,N,,
2503,SJ1,2,199,165,3,O,A1C-D,10/25/2016,N,,
2503,SJ1,2,204,162,3,O,A1C-D,10/25/2016,N,,
2503,SJ1,2,308,162,2.5,H,A4-5,10/25/2016,N,,
2503,SJ1,2,313,162,2.5,O,A4-5,10/25/2016,N,,
2503,SJ1,2,319,163,2.5,O,A4-5,10/25/2016,N,,
2503,SJ1,2,322,163,2.5,H,A4-5,10/25/2016,Y,1.2,
2503,SJ1,2,327,164,2.5,O,A4-5,10/25/2016,N,,
2503,SJ1,3,-,55,9,O,MT,10/25/2016,N,,
2503,SJ1,3,-,66,9,H,MT,10/25/2016,N,,
2503,SJ1,3,-,64,9,O,MT,10/25/2016,N,,
2503,SJ1,3,14,111,7,O,A,10/25/2016,N,,
2503,SJ1,3,139,190,4,H,A1,10/25/2016,Y,1,
2503,SJ1,3,140,190,4,O,A1,10/25/2016,N,,
2503,SJ1,3,165,177,3,O,A1A,10/25/2016,N,,
2503,SJ1,3,193,185,2.5,H,A1A,10/25/2016,N,,
2503,SJ1,3,267,195,0.5,O,A1A1A,10/25/2016,N,,
2503,SJ1,3,319,145,1,O,A1J-K,10/25/2016,N,,
2503,SJ1,3,225,170,1.25,H,A2A1-2,10/25/2016,N,,
2503,SJ1,3,250,171,1,O,A2A2,10/25/2016,N,,
2503,SJ1,3,268,180,1.25,O,A2A2-3,10/25/2016,N,,
2503,SJ1,3,252,179,1.25,H,A4A2-3,10/25/2016,Y,1,
2503,SJ1,3,268,174,1.25,O,A4A3-4,10/25/2016,N,,
2503,SJ1,6,-,116,13,O,MT,10/25/2016,N,,
2503,SJ1,6,28,147,9,H,A,10/25/2016,Y,1.3,
2503,SJ1,6,179,165,4.5,O,A1-2,10/25/2016,N,,
2503,SJ1,6,179,165,4.5,O,A1-2,10/25/2016,N,,
2503,SJ1,6,186,163,4.5,H,A1-2,10/25/2016,N,,
2503,SJ1,6,250,168,2,O,A1D-E,10/25/2016,N,,
2503,SJ1,6,268,170,1.25,O,A1F1-2,10/25/2016,N,,
2503,SJ1,6,296,188,0.25,O,A1A1C,10/25/2016,N,,
2503,SJ1,6,90,176,10,O,B,10/25/2016,N,,
2503,SJ1,6,90,176,10,O,B,10/25/2016,N,,
2503,SJ1,6,233,175,6,H,B2-3,10/25/2016,N,,
2503,SJ1,6,242,165,4.5,O,B3-4,10/25/2016,N,,
2503,SJ1,6,303,172,1.5,H,B2C1,10/25/2016,N,,
2503,SJ1,6,288,183,2,O,B2C1-2,10/25/2016,N,,
2503,SJ1,6,272,191,2.25,H,B2C,10/25/2016,N,,
2503,SJ1,7,-,43,9,O,MT,10/25/2016,N,,
2503,SJ1,7,-,43,9,O,MT,10/25/2016,N,,
2503,SJ1,7,-,55,9,H,MT,10/25/2016,N,,
2503,SJ1,7,-,63,10,O,MT,10/25/2016,N,,
2503,SJ1,7,117,172,5.5,H,A2-3,10/25/2016,N,,
2503,SJ1,7,117,172,5.5,H,A2-3,10/25/2016,N,,
2503,SJ1,7,118,174,5.5,O,A2-3,10/25/2016,N,,
2503,SJ1,7,126,180,5.5,O,A3-4,10/25/2016,N,,
2503,SJ1,7,22,79,3.5,O,B,10/25/2016,N,,
2503,SJ1,7,25,81,3.5,O,B,10/25/2016,N,,
2503,SJ1,7,98,87,1.75,H,B1,10/25/2016,N,,
2503,SJ1,7,75,88,2,O,B1-2,10/25/2016,N,,
2503,SJ1,7,78,87,2,O,B1-2,10/25/2016,N,,
2503,SJ1,8,184,158,1.75,O,B1A2A,10/25/2016,N,,
2503,SJ1,8,191,163,1.5,H,B1A2A,10/25/2016,Y,1.3,
2503,SJ1,8,194,158,2,O,B1C1-2,10/25/2016,Y,1.3,
2504,SJ2,1,38,113,5.5,O,A,10/25/2016,N,,
2504,SJ2,1,49,123,5,H,A,10/25/2016,N,,
2504,SJ2,1,59,131,4.5,O,A,10/25/2016,N,,
2504,SJ2,1,82,151,3.5,O,A1,10/25/2016,N,,
2504,SJ2,1,200,118,0.75,H,A1A6B,10/25/2016,Y,1.3,
2504,SJ2,1,200,118,0.75,H,A1A6B,10/25/2016,Y,1.35,
2504,SJ2,1,205,116,0.75,O,A1A6B,10/25/2016,N,,
2504,SJ2,1,197,121,0.75,O,A1A6C-D,10/25/2016,N,,
2504,SJ2,1,211,114,0.5,O,A1A6C-D,10/25/2016,N,,
2504,SJ2,1,149,156,3,O,A4-5,10/25/2016,N,,
2504,SJ2,1,177,165,1.5,H,A3A-B,10/25/2016,Y,1.25,
2504,SJ2,1,181,167,1.5,O,A3A-B,10/25/2016,N,,
2504,SJ2,1,158,100,1.5,O,B1A3,10/25/2016,N,,
2504,SJ2,1,108,147,2,H,B2,10/25/2016,N,,
2504,SJ2,1,166,101,2,O,B2,10/25/2016,N,,
2504,SJ2,4,30,112,7,O,A,10/25/2016,N,,
2504,SJ2,4,100,122,2,H,A1A-B,10/25/2016,N,,
2504,SJ2,4,125,112,1.75,O,A1B-C,10/25/2016,N,,
2504,SJ2,4,91,148,2,O,A3,10/25/2016,N,,
2504,SJ2,4,107,147,2,H,A3,10/25/2016,N,,
2504,SJ2,4,115,147,0.75,O,A3A,10/25/2016,N,,
2504,SJ2,4,102,150,4,O,A3-4,10/25/2016,N,,
2504,SJ2,4,124,158,1,H,A3-4,10/25/2016,N,,
2504,SJ2,4,131,158,1,O,A3-4,10/25/2016,N,,
2504,SJ2,4,36,100,1.75,O,B,10/25/2016,N,,
2504,SJ2,4,71,88,1.5,H,B3-4,10/25/2016,Y,1.15,
2504,SJ2,4,103,79,1,O,B5,10/25/2016,N,,
2504,SJ2,4,158,76,2,O,C1B5-6,10/25/2016,N,,
2504,SJ2,4,189,56,0.5,H,C1B8,10/25/2016,N,,
2504,SJ2,4,156,106,1.75,O,C1D-E,10/25/2016,N,,
2504,SJ2,6,185,132,1,O,A2B-C,10/25/2016,N,,
2504,SJ2,6,154,161,1.5,H,A3A4-5,10/25/2016,Y,1,
2504,SJ2,6,173,180,0.5,O,A3D,10/25/2016,N,,
2504,SJ2,6,147,161,1,O,A4B-C,10/25/2016,N,,
2504,SJ2,6,166,166,1.5,H,A1A2,10/25/2016,Y,1,
2504,SJ2,6,237,137,0.75,O,A1A2C,10/25/2016,N,,
2504,SJ2,6,49,169,3,O,B1,10/25/2016,N,,
2504,SJ2,6,86,164,2,H,B1B-C,10/25/2016,Y,1.05,
2504,SJ2,8,192,154,1.25,O,B1E-F,10/25/2016,N,,
2504,SJ2,8,89,174,1.75,H,B2A1,10/25/2016,N,,
2504,SJ2,8,130,196,0.75,O,B2C3-4,10/25/2016,Y,0.95,
2504,SJ2,8,134,194,0.75,O,B2C3-4,10/25/2016,Y,CW,
2504,SJ2,8,171,189,1.25,H,B10-11,10/25/2016,N,,
2504,SJ2,7,125,174,5.5,O,A1-2,10/25/2016,N,,
2504,SJ2,7,154,175,5,H,A1-2,10/25/2016,N,,
2504,SJ2,7,66,130,3.5,O,B1,10/25/2016,Y,1.1,
2504,SJ2,7,86,130,3.5,O,B1,10/25/2016,N,,
2504,SJ2,7,39,148,6,H,A,10/25/2016,N,,
2504,SJ2,7,85,141,5,O,B1-2,10/25/2016,N,,
2504,SJ2,7,140,115,1.75,O,B6A-B,10/25/2016,N,,
2504,SJ2,7,190,154,2,H,C1A2-3,10/25/2016,Y,1,
2504,SJ2,7,184,162,2,O,C1C-D,10/25/2016,N,,
2504,SJ2,7,205,122,1.75,H,C4,10/25/2016,N,,
2504,SJ2,7,224,122,1.75,H,C4,10/25/2016,N,,
2504,SJ2,7,160,147,3,O,C3-4,10/25/2016,N,,
2505,RB1,1,47,168,8,O,A2-3,10/28/2016,N,,
2505,RB1,1,92,198,2.75,H,A3,10/28/2016,N,,
2505,RB1,1,119,202,0.75,O,A3A,10/28/2016,N,,
2505,RB1,1,85,185,5.5,O,A2,10/28/2016,N,,
2505,RB1,1,104,200,3.5,H,A2A,10/28/2016,N,,
2505,RB1,1,58,155,4.5,O,OF3,10/28/2016,N,,
2505,RB1,1,58,155,4.5,O,OF3,10/28/2016,N,,
2505,RB1,1,155,204,0.75,H,C2C,10/28/2016,N,,
2505,RB1,2,149,174,1.25,O,B3A4,10/28/2016,N,,
2505,RB1,2,149,174,1.25,O,B3A4,10/28/2016,N,,
2505,RB1,2,132,151,1.25,H,OF1B,10/28/2016,N,,
2505,RB1,4,108,136,1.75,O,A2B-C,10/28/2016,Y,0.5,
2505,RB1,4,211,159,0.5,H,A7B,10/28/2016,Y,0.75,
2505,RB1,4,92,139,1,O,A1B,10/28/2016,N,,
2505,RB1,4,193,173,1.5,O,A1N-O,10/28/2016,Y,0.75,
2505,RB1,4,224,178,1,H,C4M,10/28/2016,N,,
2505,RB1,4,157,165,0.75,O,C3D,10/28/2016,N,,
2505,RB1,4,164,166,1.5,O,C3E-F,10/28/2016,Y,0.8,
2505,RB1,4,201,103,1.5,H,C2A7-8,10/28/2016,Y,0.7,
2505,RB1,4,211,140,1.25,O,C2B3-4,10/28/2016,Y,0.7,
2505,RB1,4,65,151,0.25,O,D3,10/28/2016,Y,0.7,
2505,RB1,4,178,133,0.75,H,D7E,10/28/2016,N,,
2505,RB1,4,213,194,1,O,E4L-M,10/28/2016,N,,
2505,RB1,4,225,198,1.25,O,E4L-M,10/28/2016,N,,
2505,RB1,4,185,165,1.75,H,E3D,10/28/2016,Y,0.7,
2505,RB1,4,215,186,1.75,O,E3H-I,10/28/2016,Y,0.65,
2505,RB1,5,21,27,10,O,A,10/28/2016,N,,
2505,RB1,5,72,78,8,H,A1,10/28/2016,Y,0.8,
2505,RB1,5,63,62,5.5,O,A2,10/28/2016,N,,
2505,RB1,5,67,66,5.5,O,A2,10/28/2016,Y,0.7,
2505,RB1,5,148,90,1.75,H,A2A,10/28/2016,N,,
2505,RB1,5,206,117,0.5,O,A2A8,10/28/2016,N,,
2505,RB1,5,168,97,1.5,O,A2C,10/28/2016,N,,
2505,RB1,5,167,120,4,H,A4-5,10/28/2016,N,,
2505,RB1,6,58,175,2.5,O,A/B,10/28/2016,N,,
2505,RB1,6,50,181,2.5,H,A2,10/28/2016,Y,0.65,
2505,RB1,6,85,145,3.5,O,D4-5,10/28/2016,N,,
2505,RB1,6,122,147,0.75,O,D5C,10/28/2016,N,,
2505,RB1,6,122,147,0.75,O,D5C,10/28/2016,N,,
2505,RB1,7,48,83,4.5,H,OF8,10/28/2016,N,,
2505,RB1,7,56,92,4.5,O,OF9,10/28/2016,N,,
2505,RB1,7,79,126,4.5,H,OF11,10/28/2016,Y,0.7,
2505,RB1,7,112,159,4,O,OF11,10/28/2016,N,,
2505,RB1,7,28,92,5.5,O,OF13,10/28/2016,N,,
2505,RB1,7,28,92,5.5,O,OF13,10/28/2016,N,,
2505,RB1,7,10,89,5,O,OF14,10/28/2016,N,,
2505,RB1,7,-,88,14.5,H,MT,10/28/2016,Y,0.75,
2505,RB1,8,125,209,0.75,O,A2C2 ,10/28/2016,N,,
2505,RB1,8,124,190,3,H,B5,10/28/2016,N,,
2505,RB1,8,147,170,1.25,O,B2C,10/28/2016,N,,
2505,RB1,8,125,198,2.5,O,B4B-C,10/28/2016,N,,
2506,CC2,9,125,171,3.5,O,A1,10/30/2016,N,,
2506,CC2,9,218,185,1.75,H,A1A2-3,10/30/2016,N,,
2506,CC2,9,222,189,1.5,O,A1A3-4,10/30/2016,N,,
2506,CC2,9,222,189,1.5,O,A1A3-4,10/30/2016,N,,
2506,CC2,9,225,160,1,H,A1C,10/30/2016,N,,
2506,CC2,9,232,165,1,O,A1C,10/30/2016,N,,
2506,CC2,9,229,148,0.75,O,A1E,10/30/2016,N,,
2506,CC2,9,241,157,0.5,H,A1E,10/30/2016,N,,
2506,CC2,9,238,140,1.25,O,A1F,10/30/2016,N,,
2506,CC2,9,6,78,5,O,C,10/30/2016,N,,
2506,CC2,9,59,114,4,H,C,10/30/2016,Y,0.5,
2506,CC2,9,88,129,3,O,C,10/30/2016,N,,
2506,CC2,9,132,149,2,O,C2,10/30/2016,N,,
2506,CC2,9,130,150,2,H,C2-3,10/30/2016,Y,0.7,
2506,CC2,9,148,152,1.75,O,C4-5,10/30/2016,N,,
2506,CC2,10,64,170,8.5,O,A,10/30/2016,N,,
2506,CC2,10,77,172,8.5,H,A,10/30/2016,N,,
2506,CC2,10,137,144,2.5,O,A2A-B,10/30/2016,N,,
2506,CC2,10,99,174,7,O,A2-3,10/30/2016,N,,
2506,CC2,10,16,137,9,H,B,10/30/2016,N,,
2506,CC2,10,60,173,7.5,O,B1,10/30/2016,N,,
2506,CC2,10,129,185,4,O,B1,10/30/2016,N,,
2506,CC2,10,142,180,4,H,B1A-B,10/30/2016,N,,
2506,CC2,10,222,178,1.25,O,B1C3-4,10/30/2016,N,,
2506,CC2,10,266,142,0.5,O,A2M,10/30/2016,N,,
2506,CC2,3,89,145,6.5,O,A1,10/30/2016,N,,
2506,CC2,3,138,144,4,H,A1A,10/30/2016,N,,
2506,CC2,3,274,92,1,O,A2D2-3,10/30/2016,N,,
2506,CC2,11,137,152,1.5,O,A5,10/30/2016,N,,
2506,CC2,11,217,148,1,H,A8,10/30/2016,N,,
2506,CC2,11,230,148,0.75,O,A8B-C,10/30/2016,N,,
2506,CC2,11,239,142,0.75,O,A8B-C,10/30/2016,N,,
2506,CC2,11,251,138,0.5,H,A8B-C,10/30/2016,Y,0.8,
2506,CC2,11,255,138,0.5,O,A8B-C,10/30/2016,N,,
2506,CC2,11,312,155,0.75,O,C1J4-5,10/30/2016,N,,
2506,CC2,11,266,88,0.75,H,B4C10,10/30/2016,N,,
2506,CC2,11,262,156,0.75,O,C2B3 ,10/30/2016,N,,
2506,CC2,5,42,96,5.5,O,B,10/30/2016,N,,
2506,CC2,5,132,162,0.5,H,B2B1,10/30/2016,N,,
2506,CC2,5,143,163,0.5,O,B2B1,10/30/2016,N,,
2506,CC2,5,280,202,0.75,O,B3K-L,10/30/2016,N,,
2506,CC2,5,48,117,4,H,A1,10/30/2016,N,,
2506,CC2,5,60,128,5,O,A1-2,10/30/2016,N,,
2506,CC2,5,100,145,2,O,A2A-B,10/30/2016,N,,
2506,CC2,5,111,150,2,H,A2A-B,10/30/2016,N,,
2506,CC2,5,182,178,1,O,A2E,10/30/2016,N,,
2506,CC2,5,120,133,2,O,A3,10/30/2016,N,,
2506,CC2,5,226,173,0.75,H,A3F,10/30/2016,N,,
2506,CC2,5,82,140,3,O,B2,10/30/2016,N,,
2506,CC2,7,121,88,1.75,O,A1A,10/30/2016,N,,
2506,CC2,7,170,84,0.75,H,A1A1B,10/30/2016,N,,
2506,CC2,7,154,76,1.5,O,A1C-D,10/30/2016,N,,
2506,CC2,7,160,75,1,O,A1E,10/30/2016,N,,
2506,CC2,7,185,80,0.75,H,A1E4-5,10/30/2016,N,,
2506,CC2,7,170,69,0.75,O,A1E-F,10/30/2016,N,,
2506,CC2,7,174,68,0.75,O,A1E-F,10/30/2016,N,,
2506,CC2,7,174,68,0.75,O,A1E-F,10/30/2016,N,,
2506,CC2,7,184,66,0.5,H,A1H-I,10/30/2016,Y,0.65,
2506,CC2,7,106,115,2.5,O,A2A-B,10/30/2016,N,,
2506,CC2,7,133,129,2.5,H,A2A-B,10/30/2016,N,,
2506,CC2,7,141,135,2,O,A2A-B,10/30/2016,N,,
2506,CC2,7,100,82,2.5,O,B1H-I,10/30/2016,N,,
2506,CC2,7,130,68,2,H,B1J-K,10/30/2016,N,,
2506,CC2,7,69,103,3.5,O,B1-2,10/30/2016,N,,
2506,CC2,8,25,122,5,O,A,10/30/2016,N,,
2506,CC2,8,47,124,4.5,H,A,10/30/2016,Y,0.5,
2506,CC2,8,50,126,4.5,O,A,10/30/2016,N,,
2506,CC2,8,83,140,3.5,O,A1-2,10/30/2016,N,,
2506,CC2,8,101,141,3.5,H,A1-2,10/30/2016,N,,
2506,CC2,8,148,148,3,O,A3-4,10/30/2016,N,,
2506,CC2,8,26,122,7,O,B,10/30/2016,N,,
2506,CC2,8,83,132,4.5,H,B,10/30/2016,N,,
2506,CC2,8,168,176,2.5,O,B3-4,10/30/2016,N,,
2506,CC2,8,45,145,6,O,C1,10/30/2016,N,,
2506,CC2,8,182,188,2,H,C1D1-2,10/30/2016,N,,
2506,CC2,8,214,196,0.75,O,C1C3-4,10/30/2016,Y,0.6,
2507,CC1,9,-,39,13,O,MT,10/30/2016,N,,
2507,CC1,9,-,66,12.5,H,MT,10/30/2016,N,,
2507,CC1,9,-,82,13,O,MT,10/30/2016,N,,
2507,CC1,9,-,82,13,O,MT,10/30/2016,N,,
2507,CC1,9,13,102,10,H,A,10/30/2016,N,,
2507,CC1,9,93,181,10,O,A,10/30/2016,N,,
2507,CC1,9,107,193,10,O,A,10/30/2016,N,,
2507,CC1,10,110,140,4.5,O,A1,10/30/2016,N,,
2507,CC1,10,116,140,4.5,H,A1,10/30/2016,Y,0.7,
2507,CC1,10,157,156,3,O,A3,10/30/2016,N,,
2507,CC1,10,171,153,2,O,A3B-C,10/30/2016,N,,
2507,CC1,10,160,192,3,H,B1B,10/30/2016,N,,
2507,CC1,3,-,34,15,O,MT,10/30/2016,N,,
2507,CC1,3,-,34,15,O,MT,10/30/2016,N,,
2507,CC1,3,-,45,13,H,MT,10/30/2016,N,,
2507,CC1,3,-,45,13,H,MT,10/30/2016,N,,
2507,CC1,3,-,48,12.5,O,MT,10/30/2016,N,,
2507,CC1,3,-,55,12.5,O,MT,10/30/2016,N,,
2507,CC1,3,-,55,12.5,O,MT,10/30/2016,N,,
2507,CC1,3,-,62,13,H,MT,10/30/2016,N,,
2507,CC1,3,-,60,13,O,MT,10/30/2016,N,,
2507,CC1,3,-,71,13,O,MT,10/30/2016,N,,
2507,CC1,3,24,142,8,H,A,10/30/2016,N,,
2507,CC1,3,24,142,8,H,A,10/30/2016,N,,
2507,CC1,3,33,153,8,O,A,10/30/2016,N,,
2507,CC1,3,38,155,8,O,A,10/30/2016,N,,
2507,CC1,3,38,155,8,O,A,10/30/2016,N,,
2507,CC1,6,30,177,5,O,A1,10/30/2016,N,,
2507,CC1,6,44,186,6.5,H,A2-3,10/30/2016,N,,
2507,CC1,6,47,188,6,O,A2-3,10/30/2016,N,,
2507,CC1,6,203,155,1.5,O,A4D,10/30/2016,N,,
2507,CC1,6,20,180,4.5,H,B,10/30/2016,N,,
2507,CC1,6,2,177,10.5,O,C,10/30/2016,N,,
2507,CC1,6,78,190,4.5,O,C2,10/30/2016,N,,
2507,CC1,6,94,183,4,H,C2A-B,10/30/2016,N,,
2507,CC1,6,171,193,2.5,O,C1A4,10/30/2016,N,,
2507,CC1,11,101,178,5,O,B2A,10/30/2016,N,,
2507,CC1,11,101,178,5,O,B2A,10/30/2016,N,,
2507,CC1,11,116,185,7,H,B3-4,10/30/2016,Y,0.7,
2507,CC1,12,47,154,6.5,O,A1-2,10/30/2016,N,,
2507,CC1,12,121,141,3,H,B2C-D,10/30/2016,N,,
2507,CC1,12,80,162,3.5,O,B3,10/30/2016,Y,0.6,
2507,CC1,7,88,175,8.5,O,A1-2,10/30/2016,N,,
2507,CC1,7,91,147,3.5,H,B1,10/30/2016,N,,
2507,CC1,7,177,202,1.25,O,B4B1,10/30/2016,N,,
2507,CC1,7,85,161,4.5,O,C1,10/30/2016,N,,
2507,CC1,7,145,178,3.5,H,C2-3,10/30/2016,Y,0.5,
2507,CC1,4,120,130,5.5,O,A1-2,10/30/2016,N,,
2507,CC1,4,160,135,5,H,A2-3,10/30/2016,N,,
2507,CC1,4,204,126,3,O,A3,10/30/2016,N,,
2507,CC1,4,219,123,2,O,A3,10/30/2016,N,,
2507,CC1,4,216,138,4,H,A3-4,10/30/2016,N,,
2507,CC1,4,275,133,2,O,A4A-B,10/30/2016,N,,
2507,CC1,4,105,116,8.5,O,B,10/30/2016,N,,
2507,CC1,4,114,125,9,H,B,10/30/2016,N,,
2507,CC1,4,158,153,5.5,O,B2-3,10/30/2016,N,,
2508,SJ2,11,-,101,9.5,O,MT,11/2/2016,N,,
2508,SJ2,11,-,101,9.5,O,MT,11/2/2016,N,,
2508,SJ2,11,-,113,9.5,H,MT,11/2/2016,Y,0.5,
2508,SJ2,11,-,141,8,O,MT,11/2/2016,N,,
2508,SJ2,11,-,141,8,O,MT,11/2/2016,N,,
2508,SJ2,11,-,143,8,H,MT,11/2/2016,Y,ID,
2508,SJ2,11,14,165,5,O,A,11/2/2016,N,,
2508,SJ2,11,30,174,4,H,A,11/2/2016,Y,0.65,
2508,SJ2,11,30,174,4,H,A,11/2/2016,Y,0.45,
2508,SJ2,11,68,188,3.5,O,A2-3,11/2/2016,N,,
2508,SJ2,11,6,157,3.5,O,B,11/2/2016,N,,
2508,SJ2,11,75,180,2,O,B1B-C,11/2/2016,N,,
2508,SJ2,11,124,147,1.25,O,B1C,11/2/2016,N,,
2508,SJ2,11,104,166,2,H,B1C-D,11/2/2016,Y,CW,
2508,SJ2,11,124,155,1.5,O,B1C-D,11/2/2016,N,,
2508,SJ2,3,-,88,11.5,O,MT,11/2/2016,N,,
2508,SJ2,3,-,102,12,H,MT,11/2/2016,Y,0.6,
2508,SJ2,3,198,160,2,O,A1B,11/2/2016,N,,
2508,SJ2,3,204,155,2,O,A1B,11/2/2016,N,,
2508,SJ2,3,247,120,1.5,H,A1B5,11/2/2016,Y,0.5,
2508,SJ2,3,284,83,1.25,O,A1B5-6,11/2/2016,N,,
2508,SJ2,3,298,74,0.75,O,A1B6,11/2/2016,N,,
2508,SJ2,3,297,74,0.75,H,A1B7,11/2/2016,Y,0.7,
2508,SJ2,3,206,158,0.75,O,A1E,11/2/2016,N,,
2508,SJ2,3,210,162,1.75,O,A2A4,11/2/2016,N,,
2508,SJ2,3,212,162,2,H,A2A5,11/2/2016,Y,0.6,
2508,SJ2,3,228,165,1.75,O,A2A5,11/2/2016,N,,
2508,SJ2,3,244,159,1.5,O,A2A5C-D,11/2/2016,N,,
2508,SJ2,3,263,147,1.25,H,A2A5D-E,11/2/2016,N,,
2508,SJ2,3,24,136,10,O,B,11/2/2016,N,,
2508,SJ2,7,35,136,6,O,A,11/2/2016,N,,
2508,SJ2,7,66,150,3,H,A1,11/2/2016,N,,
2508,SJ2,7,83,148,2.5,O,A1,11/2/2016,N,,
2508,SJ2,7,74,154,5,O,A3-4,11/2/2016,N,,
2508,SJ2,7,74,154,5,O,A3-4,11/2/2016,N,,
2508,SJ2,7,91,163,5,H,A4-5,11/2/2016,Y,0.4,
2508,SJ2,7,193,148,2,O,A9,11/2/2016,N,,
2508,SJ2,7,216,145,1.75,H,A9,11/2/2016,Y,0.55,
2508,SJ2,7,224,147,1.75,O,A9,11/2/2016,N,,
2508,SJ2,7,25,123,6.5,O,B,11/2/2016,N,,
2508,SJ2,7,80,128,3.5,H,B1,11/2/2016,Y,0.6,
2508,SJ2,7,80,128,3.5,H,B1,11/2/2016,Y,0.4,
2508,SJ2,7,113,129,3,O,B1,11/2/2016,N,,
2508,SJ2,7,119,132,3,O,B1,11/2/2016,N,,
2508,SJ2,7,76,137,5,O,B1-2,11/2/2016,N,,
2508,SJ2,6,-,71,8,O,MT,11/2/2016,N,,
2508,SJ2,6,-,113,8,H,MT,11/2/2016,Y,0.65,
2508,SJ2,6,74,197,3,O,A1A,11/2/2016,N,,
2508,SJ2,6,127,185,1.5,O,A1C-D,11/2/2016,N,,
2508,SJ2,6,130,135,2.5,H,A2B-C,11/2/2016,N,,
2508,SJ2,6,164,141,1.25,O,A2B-C,11/2/2016,N,,
2508,SJ2,6,168,139,1.25,O,A2B-C,11/2/2016,N,,
2508,SJ2,6,210,140,0.5,O,A3F,11/2/2016,N,,
2508,SJ2,6,134,166,1,O,A4B,11/2/2016,N,,
2508,SJ2,6,135,168,1.25,H,A4B-C,11/2/2016,Y,0.6,
2508,SJ2,6,176,177,0.75,H,A5B-C,11/2/2016,Y,CW,
2508,SJ2,6,178,148,1.25,O,A7A,11/2/2016,N,,
2508,SJ2,6,228,125,0.75,O,A7C-D,11/2/2016,N,,
2508,SJ2,6,87,165,2,H,B1A-B,11/2/2016,Y,0.6,
2508,SJ2,6,161,128,1.25,O,B1B4-5,11/2/2016,N,,
2508,SJ2,9,-,39,12,O,MT,11/2/2016,N,,
2508,SJ2,9,-,51,11.5,H,MT,11/2/2016,Y,0.6,
2508,SJ2,9,-,70,10,O,MT,11/2/2016,N,,
2508,SJ2,9,-,111,10,O,MT,11/2/2016,N,,
2508,SJ2,9,32,160,7,H,B,11/2/2016,Y,0.6,
2508,SJ2,9,100,173,3.5,O,B1,11/2/2016,N,,
2508,SJ2,9,100,173,3.5,O,B1,11/2/2016,N,,
2508,SJ2,9,127,82,4,H,B1-2,11/2/2016,N,,
2508,SJ2,9,187,187,1.25,O,B2,11/2/2016,N,,
2508,SJ2,8,138,103,2,O,A2B,11/2/2016,N,,
2508,SJ2,8,156,137,1.25,H,A2B,11/2/2016,Y,0.55,
2508,SJ2,8,185,143,1.25,O,A2B,11/2/2016,N,,
2508,SJ2,8,155,177,1,O,B1A1,11/2/2016,N,,
2508,SJ2,8,209,138,1,H,B1A1-2,11/2/2016,N,,
2508,SJ2,8,226,134,0.75,O,B1A3,11/2/2016,N,,
2508,SJ2,8,127,152,1,O,B2A3,11/2/2016,N,,
2508,SJ2,8,174,145,1,H,B2A2A-B,11/2/2016,N,,
2508,SJ2,8,180,139,1,O,B2A2A-B,11/2/2016,N,,
2508,SJ2,10,132,53,1,O,A1A1,11/2/2016,N,,
2508,SJ2,10,140,47,1,H,A1A1,11/2/2016,Y,0.5,
2508,SJ2,10,171,39,0.75,O,A1A1,11/2/2016,N,,
2508,SJ2,10,147,56,1.5,O,A1A1-2,11/2/2016,N,,
2508,SJ2,10,82,70,4,H,A2-3,11/2/2016,N,,
2508,SJ2,10,178,114,1.5,O,A7,11/2/2016,N,,
2508,SJ2,10,192,123,0.75,O,A7B,11/2/2016,N,,
2508,SJ2,10,192,123,0.75,O,A7B,11/2/2016,N,,
2508,SJ2,10,196,142,0.5,H,A11,11/2/2016,Y,0.5,
2508,SJ2,1,53,130,5.5,O,A,11/2/2016,N,,
2508,SJ2,1,53,130,5.5,O,A,11/2/2016,N,,
2508,SJ2,1,70,144,4.5,H,A,11/2/2016,Y,0.75,
2508,SJ2,1,84,152,3,O,A1,11/2/2016,N,,
2508,SJ2,1,87,155,3,H,A1,11/2/2016,Y,0.5,
2508,SJ2,1,91,158,3,O,A1,11/2/2016,N,,
2508,SJ2,1,141,158,2,O,A3,11/2/2016,N,,
2508,SJ2,1,147,159,2,H,A3,11/2/2016,N,,
2508,SJ2,1,151,160,1.75,O,A3,11/2/2016,N,,
2509,SJ1,12,36,124,10,O,B,11/2/2016,N,,
2509,SJ1,12,36,124,10,O,B,11/2/2016,N,,
2509,SJ1,12,48,132,10,H,B,11/2/2016,Y,0.75,
2509,SJ1,12,48,132,10,H,B,11/2/2016,Y,0.85,
2509,SJ1,12,64,148,9,O,B,11/2/2016,N,,
2509,SJ1,12,64,148,9,O,B,11/2/2016,N,,
2509,SJ1,12,80,141,8,O,A,11/2/2016,N,,
2509,SJ1,12,145,171,6,H,A,11/2/2016,N,,
2509,SJ1,12,152,173,5,O,A,11/2/2016,N,,
2509,SJ1,12,152,173,5,O,A,11/2/2016,N,,
2509,SJ1,12,156,174,4.5,H,A,11/2/2016,Y,0.65,
2509,SJ1,12,170,177,4.5,O,A,11/2/2016,N,,
2509,SJ1,12,170,177,4.5,O,A,11/2/2016,N,,
2509,SJ1,12,184,180,4.5,H,A,11/2/2016,N,,
2509,SJ1,12,200,185,5,O,A1-2,11/2/2016,N,,
2509,SJ1,4,-,49,9.5,O,MT,11/2/2016,N,,
2509,SJ1,4,-,54,9.5,H,MT,11/2/2016,N,,
2509,SJ1,4,-,59,9.5,O,MT,11/2/2016,N,,
2509,SJ1,4,-,59,9.5,O,MT,11/2/2016,N,,
2509,SJ1,4,-,62,9.5,H,MT,11/2/2016,Y,0.55,
2509,SJ1,4,-,66,9.5,O,MT,11/2/2016,N,,
2509,SJ1,4,-,75,9.5,O,MT,11/2/2016,N,,
2509,SJ1,4,-,79,11,H,MT,11/2/2016,N,,
2509,SJ1,4,-,80,11,O,MT,11/2/2016,N,,
2509,SJ1,4,10,148,7.5,O,B,11/2/2016,N,,
2509,SJ1,4,12,149,8,H,B,11/2/2016,Y,0.6,
2509,SJ1,4,15,154,7,O,B,11/2/2016,Y,0.55,
2509,SJ1,4,72,182,5.5,O,A1-2,11/2/2016,N,,
2509,SJ1,4,75,183,6,H,A1-2,11/2/2016,N,,
2509,SJ1,4,95,186,3.5,O,A3-4,11/2/2016,N,,
2509,SJ1,10,16,46,11,O,A,11/2/2016,N,,
2509,SJ1,10,21,51,11,H,A,11/2/2016,Y,0.65,
2509,SJ1,10,28,58,11,O,A,11/2/2016,N,,
2509,SJ1,10,56,78,9,O,A1-2,11/2/2016,N,,
2509,SJ1,10,72,95,9,H,A1-2,11/2/2016,Y,0.6,
2509,SJ1,10,211,99,3,O,A2A2-3,11/2/2016,N,,
2509,SJ1,10,234,139,2,O,A3,11/2/2016,N,,
2509,SJ1,10,216,136,4.5,H,A3-4,11/2/2016,Y,0.65,
2509,SJ1,10,246,132,3.5,O,A5-6,11/2/2016,N,,
2509,SJ1,10,32,60,15,O,B,11/2/2016,N,,
2509,SJ1,10,36,63,14,H,B,11/2/2016,Y,0.65,
2509,SJ1,10,119,124,7,O,B1,11/2/2016,N,,
2509,SJ1,10,133,126,7,O,B1,11/2/2016,N,,
2509,SJ1,10,200,139,5.5,H,B1A-B,11/2/2016,N,,
2509,SJ1,10,367,110,2.5,O,B1A4-5,11/2/2016,N,,
2509,SJ1,9,47,181,6,O,B,11/2/2016,N,,
2509,SJ1,9,66,197,7,H,B,11/2/2016,Y,0.6,
2509,SJ1,9,180,223,2,O,B2A-B,11/2/2016,N,,
2509,SJ1,9,188,222,1.75,O,B2A2C,11/2/2016,N,,
2509,SJ1,9,189,190,2.5,H,B4,11/2/2016,Y,0.6,
2509,SJ1,9,267,113,0.75,O,B5,11/2/2016,N,,
2509,SJ1,9,267,113,0.75,O,B5,11/2/2016,N,,
2509,SJ1,9,274,121,1,H,B7,11/2/2016,Y,CW,
2509,SJ1,11,21,48,7,O,A,11/2/2016,N,,
2509,SJ1,11,183,178,0.75,H,A1A2,11/2/2016,Y,0.5,
2509,SJ1,11,190,188,2,O,A1C1-2,11/2/2016,N,,
2509,SJ1,11,194,192,1.5,O,A1F-G,11/2/2016,N,,
2509,SJ1,11,206,204,1.5,H,A1F-G,11/2/2016,N,,
2509,SJ1,11,137,145,2,O,A2,11/2/2016,N,,
2509,SJ1,11,133,145,5,O,A1-2,11/2/2016,N,,
2509,SJ1,11,135,160,3.5,H,B1,11/2/2016,N,,
2509,SJ1,11,148,146,1,O,B4,11/2/2016,Y,0.65,
2510,RB1,1,70,157,2.5,O,A1,11/5/2016,N,,
2510,RB1,1,124,148,1.5,H,A1A,11/5/2016,N,,
2510,RB1,1,81,183,5.5,O,A2,11/5/2016,N,,
2510,RB1,1,90,186,5.5,O,A2,11/5/2016,N,,
2510,RB1,1,123,186,2,H,A2B,11/5/2016,N,,
2510,RB1,1,46,139,7.5,O,C,11/5/2016,N,,
2510,RB1,1,201,174,1.5,O,C1C2-3,11/5/2016,N,,
2510,RB1,1,210,193,1,H,C1F,11/5/2016,N,,
2510,RB1,1,213,193,1,O,C1F,11/5/2016,N,,
2510,RB1,1,360,201,0.25,O,C1H,11/5/2016,N,,
2510,RB1,1,372,213,2,H,C1K-L,11/5/2016,N,,
2510,RB1,1,399,222,1.75,O,C1M-N,11/5/2016,N,,
2510,RB1,1,407,225,1.25,O,C1O,11/5/2016,N,,
2510,RB1,1,194,192,0.75,H,C2B4,11/5/2016,N,,
2510,RB1,1,199,198,0.75,O,C2B5-6,11/5/2016,N,,
2510,RB1,1,199,198,0.75,O,C2B5-6,11/5/2016,N,,
2510,RB1,11,29,125,11,O,A,11/5/2016,N,,
2510,RB1,11,61,148,9,H,A2,11/5/2016,Y,0.55,
2510,RB1,11,59,154,8.5,O,A4,11/5/2016,N,,
2510,RB1,11,180,138,0.25,O,A3A1B,11/5/2016,N,,
2510,RB1,11,197,118,1,H,A3A1C-D,11/5/2016,Y,0.5,
2510,RB1,11,218,111,1,O,A3A1E-F,11/5/2016,N,,
2510,RB1,11,146,167,1.75,O,A3A2,11/5/2016,N,,
2510,RB1,11,185,161,1.5,H,A3A2,11/5/2016,Y,0.5,
2510,RB1,11,170,163,2.5,O,B2E-F,11/5/2016,N,,
2510,RB1,11,170,163,2.5,O,B2E-F,11/5/2016,N,,
2510,RB1,11,240,90,0.75,H,C9,11/5/2016,Y,0.55,
2510,RB1,11,247,86,0.75,O,C9,11/5/2016,N,,
2510,RB1,11,190,120,1.5,O,C3,11/5/2016,N,,
2510,RB1,11,190,120,1.5,O,C3,11/5/2016,N,,
2510,RB1,11,72,115,2,H,C4,11/5/2016,Y,0.5,
2510,RB1,5,152,123,0.75,O,A1A,11/5/2016,N,,
2510,RB1,5,194,151,2.5,H,A1C-D,11/5/2016,Y,0.55,
2510,RB1,5,68,67,5,O,A2,11/5/2016,N,,
2510,RB1,5,68,67,5,O,A2,11/5/2016,N,,
2510,RB1,5,215,104,1.25,H,A4D-E,11/5/2016,N,,
2510,RB1,5,146,104,5,O,A4-5,11/5/2016,Y,0.6,
2510,RB1,5,192,191,1.5,O,B10,11/5/2016,N,,
2510,RB1,5,192,191,1.5,O,B10,11/5/2016,N,,
2510,RB1,5,175,169,2.5,H,B4A-B,11/5/2016,N,,
2510,RB1,5,177,165,1.5,O,B2D,11/5/2016,N,,
2510,RB1,5,194,136,2.5,H,B2A,11/5/2016,Y,0.65,
2510,RB1,5,228,187,0.75,O,B2E,11/5/2016,N,,
2510,RB1,10,96,181,5.5,O,A1,11/5/2016,Y,0.5,
2510,RB1,10,136,198,3.5,H,A2,11/5/2016,Y,0.55,
2510,RB1,10,361,197,2,O,A6,11/5/2016,N,,
2510,RB1,10,427,190,1.5,O,A6E-F,11/5/2016,N,,
2510,RB1,10,364,205,2,H,A7-8,11/5/2016,N,,
2510,RB1,10,408,207,1.5,O,A10-11,11/5/2016,N,,
2510,RB1,10,413,192,0.75,O,A6D,11/5/2016,N,,
2510,RB1,10,247,164,1.5,H,B1A4,11/5/2016,N,,
2510,RB1,10,258,177,2,O,B2D-E,11/5/2016,Y,0.55,
2510,RB1,10,88,183,8.5,O,B2-3,11/5/2016,N,,
2510,RB1,10,320,176,1,H,B2A1,11/5/2016,N,,
2510,RB1,10,254,182,0.75,O,B1A3A,11/5/2016,N,,
2510,RB1,7,73,79,1.5,O,OF6,11/5/2016,N,,
2510,RB1,7,39,117,5,H,OF14,11/5/2016,Y,0.55,
2510,RB1,7,207,186,0.5,O,A2G4,11/5/2016,N,,
2510,RB1,7,126,208,7,O,D2,11/5/2016,N,,
2510,RB1,9,127,183,0.25,O,A2A,11/5/2016,N,,
2510,RB1,9,173,188,2.5,H,A2E-F,11/5/2016,Y,0.5,
2510,RB1,9,215,208,0.75,O,A2H,11/5/2016,N,,
2510,RB1,9,47,123,2.5,O,B,11/5/2016,N,,
2510,RB1,9,132,140,1.75,H,C2,11/5/2016,Y,0.45,
2510,RB1,2,10,140,1.5,O,OF3,11/5/2016,N,,
2510,RB1,2,153,193,0.75,H,A3B2,11/5/2016,N,,
2510,RB1,2,190,217,1,O,B1C,11/5/2016,N,,
2510,RB1,2,149,187,1,O,B3A,11/5/2016,N,,
2510,RB1,2,150,186,1,H,B3A,11/5/2016,Y,0.7,
2510,RB1,2,156,211,1.5,O,B3C-D,11/5/2016,N,,
2510,RB1,2,37,193,8,O,C1,11/5/2016,N,,
2510,RB1,2,172,187,0.75,H,C1C3,11/5/2016,Y,0.65,
2510,RB1,2,178,178,1,O,C1D1,11/5/2016,N,,
2510,RB1,2,201,212,1.75,O,D3F,11/5/2016,N,,
2510,RB1,2,202,212,1.75,H,D3F,11/5/2016,N,,
2510,RB1,2,223,211,1.5,O,D3F1-2,11/5/2016,N,,
2511,RB2,1,126,124,9,O,A,11/5/2016,Y,0.6,
2511,RB2,1,198,96,1.5,H,B2B1-2,11/5/2016,Y,0.65,
2511,RB2,1,323,208,1.5,O,A1A5-6,11/5/2016,N,,
2511,RB2,1,283,182,2.5,O,A11,11/5/2016,N,,
2511,RB2,1,297,188,2.5,H,A11A-B,11/5/2016,Y,0.6,
2511,RB2,1,303,192,2.5,O,A11B-C,11/5/2016,N,,
2511,RB2,1,312,197,2.5,O,A11B-C,11/5/2016,N,,
2511,RB2,1,347,197,0.5,H,A11G,11/5/2016,Y,0.55,
2511,RB2,1,364,197,0.5,O,A11G,11/5/2016,Y,0.4,
2511,RB2,3,181,118,0.75,O,A1B,11/5/2016,N,,
2511,RB2,3,190,113,0.75,H,A1B,11/5/2016,N,,
2511,RB2,3,154,129,1,O,A1D,11/5/2016,N,,
2511,RB2,3,144,122,1.75,O,A1E,11/5/2016,N,,
2511,RB2,3,191,147,0.75,H,A1F,11/5/2016,N,,
2511,RB2,3,95,102,4,O,A2-3,11/5/2016,N,,
2511,RB2,3,151,134,3,O,A5-6,11/5/2016,N,,
2511,RB2,3,222,163,1,H,A11,11/5/2016,N,,
2511,RB2,3,232,118,1.5,O,A12,11/5/2016,N,,
2511,RB2,5,106,104,3,O,A1,11/5/2016,N,,
2511,RB2,5,128,106,3,H,A1,11/5/2016,N,,
2511,RB2,5,147,143,5.5,O,A3,11/5/2016,Y,0.6,
2511,RB2,5,257,179,0.75,O,A4B2,11/5/2016,N,,
2511,RB2,5,270,162,0.75,H,A4D-E,11/5/2016,N,,
2511,RB2,5,260,186,0.75,O,A6C,11/5/2016,N,,
2511,RB2,5,297,197,1,O,A6D1,11/5/2016,Y,0.55,
2511,RB2,5,308,198,1.25,H,A7D-E,11/5/2016,N,,
2511,RB2,5,289,147,1,O,B1D,11/5/2016,Y,0.4,
2511,RB2,7,26,125,7,O,A,11/5/2016,N,,
2511,RB2,7,81,155,2.5,H,A1A-B,11/5/2016,Y,0.5,
2511,RB2,7,109,173,1.75,O,A1C,11/5/2016,N,,
2511,RB2,7,46,146,7.5,O,A1-2,11/5/2016,N,,
2511,RB2,7,83,181,6,H,A2-3,11/5/2016,N,,
2511,RB2,7,194,193,4,O,A8-9,11/5/2016,N,,
2511,RB2,7,199,188,3.5,O,A8-9,11/5/2016,N,,
2511,RB2,7,80,161,5.5,H,B1,11/5/2016,N,,
2511,RB2,7,126,176,4,O,B1B,11/5/2016,N,,
2511,RB2,2,-,33,11,O,MT,11/5/2016,N,,
2511,RB2,2,-,43,10,H,MT,11/5/2016,N,,
2511,RB2,2,-,68,10.5,O,MT,11/5/2016,N,,
2511,RB2,2,29,104,6,O,A,11/5/2016,N,,
2511,RB2,2,36,107,6.5,H,A,11/5/2016,N,,
2511,RB2,2,70,128,6,O,A1-2,11/5/2016,N,,
2511,RB2,2,94,145,3.5,O,A2-3,11/5/2016,N,,
2511,RB2,2,123,163,1.75,H,A3,11/5/2016,N,,
2511,RB2,2,132,173,2,O,A4,11/5/2016,N,,
2511,RB2,4,14,36,12,O,B,11/5/2016,N,,
2511,RB2,4,48,66,11,H,B,11/5/2016,Y,0.6,
2511,RB2,4,190,88,3,O,B1B1,11/5/2016,N,,
2511,RB2,4,180,112,1.5,O,B1B3,11/5/2016,N,,
2511,RB2,4,181,97,3.5,H,B1B4-5,11/5/2016,Y,0.5,
2511,RB2,4,192,87,2.5,O,B1B5,11/5/2016,N,,
2511,RB2,4,222,69,1.5,O,B1B6,11/5/2016,N,,
2511,RB2,4,229,63,1.5,H,B1B6,11/5/2016,N,,
2511,RB2,4,240,52,1.5,O,B1B6A-B,11/5/2016,Y,0.4,
2511,RB2,6,84,167,4,O,A1,11/5/2016,N,,
2511,RB2,6,43,149,6,H,A2,11/5/2016,N,,
2511,RB2,6,63,164,5,O,A2,11/5/2016,N,,
2511,RB2,6,57,152,5.5,O,A2-3,11/5/2016,N,,
2511,RB2,6,16,140,6.5,H,B,11/5/2016,N,,
2511,RB2,6,47,149,5.5,O,B2-3,11/5/2016,N,,
2511,RB2,6,47,149,5.5,O,B2-3,11/5/2016,N,,
2511,RB2,6,64,156,5,H,B2-3,11/5/2016,N,,
2511,RB2,6,133,173,3.5,O,B3,11/5/2016,N,,
2511,RB2,8,132,164,7,O,A1,11/5/2016,N,,
2511,RB2,8,211,181,6.5,H,A1A-B,11/5/2016,N,,
2511,RB2,8,86,151,11.5,O,A1-2,11/5/2016,N,,
2511,RB2,8,110,158,10,O,A1-2,11/5/2016,N,,
2511,RB2,8,110,158,10,O,A1-2,11/5/2016,N,,
2511,RB2,8,124,174,9,H,A2,11/5/2016,N,,
2511,RB2,8,134,176,9,O,A2-3,11/5/2016,N,,
2511,RB2,8,150,177,8,H,A2-3,11/5/2016,N,,
2511,RB2,8,170,186,3,O,A3,11/5/2016,N,,
2512,CC1,4,136,138,2,O,A1A,11/6/2016,N,,
2512,CC1,4,147,148,2,H,A1A,11/6/2016,N,,
2512,CC1,4,143,136,1.5,O,A1A-B,11/6/2016,N,,
2512,CC1,4,152,145,2.5,O,A2,11/6/2016,N,,
2512,CC1,4,205,128,3.5,H,A3,11/6/2016,N,,
2512,CC1,4,232,121,2,O,A3,11/6/2016,N,,
2512,CC1,4,73,94,8.5,O,B,11/6/2016,N,,
2512,CC1,4,78,99,8,H,B,11/6/2016,N,,
2512,CC1,4,83,104,8,O,B,11/6/2016,N,,
2512,CC1,2,41,116,16,O,A,11/6/2016,N,,
2512,CC1,2,94,164,15,H,A,11/6/2016,N,,
2512,CC1,2,110,184,15,O,A,11/6/2016,N,,
2512,CC1,2,49,115,15,O,B,11/6/2016,N,,
2512,CC1,2,64,128,15,H,B,11/6/2016,Y,0.5,
2512,CC1,2,70,134,15,O,B,11/6/2016,N,,
2512,CC1,2,168,198,1,O,B1B,11/6/2016,N,,
2512,CC1,2,170,199,1,H,B1B,11/6/2016,Y,0.45,
2512,CC1,2,235,206,5,O,B1D-E,11/6/2016,N,,
2512,CC1,2,382,203,1.5,O,A1J1-2,11/6/2016,N,,
2512,CC1,2,415,183,1,H,A1J5-6,11/6/2016,Y,0.5,
2512,CC1,2,432,163,1.5,O,A1L-M,11/6/2016,N,,
2512,CC1,2,461,137,1.5,O,A1M-N,11/6/2016,N,,
2512,CC1,2,346,193,2,H,A1A7,11/6/2016,N,,
2512,CC1,2,390,172,0.75,O,A1A7A5-6,11/6/2016,N,,
2512,CC1,14,9,44,9,O,A,11/6/2016,N,,
2512,CC1,14,12,45,9.5,H,A,11/6/2016,Y,0.35,
2512,CC1,14,19,52,3.5,O,A1A-B,11/6/2016,N,,
2512,CC1,14,133,98,3,O,A1B-C,11/6/2016,Y,0.45,
2512,CC1,14,220,136,1.25,H,A1G,11/6/2016,Y,0.35,
2512,CC1,14,153,107,7.5,O,A1-2,11/6/2016,N,,
2512,CC1,14,112,125,4.5,O,A2,11/6/2016,N,,
2512,CC1,14,142,145,3,H,A2B-C,11/6/2016,N,,
2512,CC1,14,71,78,5,O,B1,11/6/2016,N,,
2512,CC1,7,110,183,7.5,O,A1-2,11/6/2016,N,,
2512,CC1,7,113,183,8.5,H,A1-2,11/6/2016,Y,0.45,
2512,CC1,7,113,183,8.5,H,A1-2,11/6/2016,Y,0.4,
2512,CC1,7,87,149,3.5,O,B1,11/6/2016,Y,0.4,
2512,CC1,7,84,182,6,O,B1-2,11/6/2016,N,,
2512,CC1,7,98,198,3,O,B2,11/6/2016,N,,
2512,CC1,7,106,203,3,O,B2,11/6/2016,N,,
2512,CC1,7,110,183,2,H,B3,11/6/2016,Y,0.45,
2512,CC1,7,53,142,6,O,C,11/6/2016,N,,
2512,CC1,7,87,158,4,O,C1,11/6/2016,N,,
2512,CC1,7,152,175,2.5,H,C1D-E,11/6/2016,N,,
2512,CC1,7,192,187,3.5,O,C2-3,11/6/2016,N,,
2512,CC1,12,76,147,3,O,A1C,11/6/2016,BC,,
2512,CC1,12,47,135,5.5,H,B1,11/6/2016,N,,
2512,CC1,12,64,172,6,O,B2,11/6/2016,N,,
2512,CC1,11,154,187,3.5,O,A1C,11/6/2016,N,,
2512,CC1,11,147,189,6,H,A1C-D,11/6/2016,Y,0.45,
2512,CC1,11,147,189,6,H,A1C-D,11/6/2016,N,,
2512,CC1,11,119,182,7,O,A5-6,11/6/2016,N,,
2512,CC1,11,52,139,11,O,B1-2,11/6/2016,N,,
2512,CC1,11,103,176,8,O,B2-3,11/6/2016,N,,
2512,CC1,11,103,176,8,O,B2-3,11/6/2016,N,,
2512,CC1,11,117,188,7,H,B3-4,11/6/2016,BC,,
2512,CC1,11,126,196,7,O,B3-4,11/6/2016,BC,,
2512,CC1,3,-,94,13,O,MT,11/6/2016,N,,
2512,CC1,3,-,94,13,O,MT,11/6/2016,N,,
2512,CC1,3,-,99,12,H,MT,11/6/2016,N,,
2512,CC1,3,20,145,10,O,A,11/6/2016,N,,
2512,CC1,3,23,150,10,H,A,11/6/2016,N,,
2512,CC1,3,31,158,10,O,A,11/6/2016,N,,
2512,CC1,3,31,158,10,O,A,11/6/2016,N,,
2512,CC1,3,31,158,10,O,A,11/6/2016,N,,
2512,CC1,3,35,162,10,H,A,11/6/2016,Y,0.35,
2513,CC2,10,35,153,8,O,A,11/6/2016,N,,
2513,CC2,10,88,171,7,H,A,11/6/2016,N,,
2513,CC2,10,88,171,7,H,A,11/6/2016,N,,
2513,CC2,10,194,109,2,O,A2C-D,11/6/2016,N,,
2513,CC2,10,245,77,0.5,O,A2D1,11/6/2016,N,,
2513,CC2,10,190,176,3,O,A4-5,11/6/2016,N,,
2513,CC2,10,257,177,1.75,O,A6A,11/6/2016,N,,
2513,CC2,10,318,204,1,H,A6C,11/6/2016,N,,
2513,CC2,10,107,190,0.25,O,A6E,11/6/2016,N,,
2513,CC2,12,72,148,5,O,A1,11/6/2016,N,,
2513,CC2,12,137,183,3,H,A1A,11/6/2016,N,,
2513,CC2,12,179,191,1.75,O,A1A1B-C,11/6/2016,N,,
2513,CC2,12,179,191,1.75,O,A1A1B-C,11/6/2016,N,,
2513,CC2,12,201,209,2,H,A1D-E,11/6/2016,N,,
2513,CC2,12,31,110,7,O,A,11/6/2016,N,,
2513,CC2,12,137,196,3.5,O,A5-6,11/6/2016,N,,
2513,CC2,12,165,210,2,H,A8-9,11/6/2016,N,,
2513,CC2,12,28,89,3,O,B,11/6/2016,N,,
2513,CC2,8,57,129,1.5,O,A1,11/6/2016,N,,
2513,CC2,8,57,129,1.5,O,A1,11/6/2016,N,,
2513,CC2,8,59,129,4,H,A1-2,11/6/2016,Y,0.45,
2513,CC2,8,65,132,4,O,A1-2,11/6/2016,N,,
2513,CC2,8,138,154,1,H,A3A-B,11/6/2016,N,,
2513,CC2,8,140,152,1,O,A3A-B,11/6/2016,N,,
2513,CC2,8,27,126,6,O,B,11/6/2016,N,,
2513,CC2,8,41,126,6.5,H,B,11/6/2016,Y,0.5,
2513,CC2,8,68,133,4.5,O,B,11/6/2016,N,,
2513,CC2,14,52,137,7,O,A,11/6/2016,N,,
2513,CC2,14,119,143,4,H,A1A-B,11/6/2016,N,,
2513,CC2,14,230,166,1,O,A1C2,11/6/2016,N,,
2513,CC2,14,256,161,1,O,A1D4-5,11/6/2016,N,,
2513,CC2,14,289,141,0.75,H,A1D3F,11/6/2016,N,,
2513,CC2,14,212,149,1.25,O,A1D-E,11/6/2016,N,,
2513,CC2,14,188,182,2.25,O,A5-6,11/6/2016,N,,
2513,CC2,14,195,183,2.25,H,A5-6,11/6/2016,N,,
2513,CC2,14,241,192,2,O,A5C-D,11/6/2016,N,,
2513,CC2,13,147,172,1.5,O,A1A,11/6/2016,N,,
2513,CC2,13,193,166,1.25,H,C2D-E,11/6/2016,Y,0.5,
2513,CC2,13,196,168,1.25,O,C2D-E,11/6/2016,N,,
2513,CC2,13,168,155,0.75,O,C2A,11/6/2016,N,,
2513,CC2,13,188,128,0.75,H,C3A,11/6/2016,Y,0.5,
2513,CC2,13,194,118,1.25,O,C3B-C,11/6/2016,N,,
2513,CC2,13,197,116,1.25,O,B3B-C,11/6/2016,N,,
2513,CC2,13,194,159,0.75,H,C8,11/6/2016,Y,0.5,
2513,CC2,13,124,111,1.75,O,B1B,11/6/2016,Y,CW,
2513,CC2,9,225,139,1.5,O,A1D-E,11/6/2016,N,,
2513,CC2,9,162,108,1.25,H,B2A3-4,11/6/2016,Y,0.4,
2513,CC2,9,146,114,1.5,O,B2B,11/6/2016,N,,
2513,CC2,9,129,84,1.75,O,B3,11/6/2016,N,,
2513,CC2,9,136,84,1.75,H,B3,11/6/2016,Y,0.4,
2513,CC2,9,179,72,0.75,O,B3C-D,11/6/2016,N,,
2513,CC2,9,182,68,0.75,O,B3C-D,11/6/2016,N,,
2513,CC2,9,101,143,3,H,C,11/6/2016,N,,
2513,CC2,9,137,149,1.75,O,C2,11/6/2016,Y,0.5,
2513,CC2,7,59,96,4,O,A1-2,11/6/2016,N,,
2513,CC2,7,92,107,2.5,H,A2,11/6/2016,N,,
2513,CC2,7,170,151,0.75,O,A2A1,11/6/2016,N,,
2513,CC2,7,169,151,0.75,O,A2A1-2,11/6/2016,N,,
2513,CC2,7,179,165,0.75,H,A2B2,11/6/2016,Y,0.5,
2513,CC2,7,86,90,2.5,O,A1,11/6/2016,N,,
2513,CC2,7,123,87,1.5,O,A1A,11/6/2016,N,,
2513,CC2,7,124,86,1.5,H,A1A,11/6/2016,Y,0.5,
2513,CC2,7,128,85,1.5,O,A1A,11/6/2016,N,,
2513,CC2,11,188,114,0.75,O,A2B,11/6/2016,N,,
2513,CC2,11,188,114,0.75,O,A2B,11/6/2016,N,,
2513,CC2,11,188,114,0.75,O,A2B,11/6/2016,N,,
2513,CC2,11,224,115,1.25,H,A2E-F,11/6/2016,Y,0.5,
2513,CC2,11,129,152,1.5,H,A3,11/6/2016,N,,
2513,CC2,11,178,155,0.25,O,A3A,11/6/2016,N,,
2513,CC2,11,214,166,0.5,O,A3C-D,11/6/2016,N,,
2513,CC2,11,129,155,3.5,H,A3-4,11/6/2016,Y,0.55,
2513,CC2,11,231,105,0.5,O,B4G,11/6/2016,N,,
2514,SJ2,2,55,158,4,O,A1,11/10/2016,N,,
2514,SJ2,2,60,158,4,H,A1,11/10/2016,N,,
2514,SJ2,2,66,158,3.5,O,A1,11/10/2016,N,,
2514,SJ2,2,69,156,3.5,O,A1,11/10/2016,N,,
2514,SJ2,2,78,154,3,H,A1,11/10/2016,Y,0.6,
2514,SJ2,2,88,153,3,O,A1,11/10/2016,N,,
2514,SJ2,2,29,60,6,O,B,11/10/2016,N,,
2514,SJ2,2,40,65,6,H,B,11/10/2016,N,,
2514,SJ2,2,50,175,6,O,B,11/10/2016,N,,
2514,SJ2,3,34,137,8,O,A,11/10/2016,N,,
2514,SJ2,3,68,168,7,H,A,11/10/2016,Y,0.75,
2514,SJ2,3,71,171,7.5,O,A,11/10/2016,N,,
2514,SJ2,3,185,167,2.5,O,A1B,11/10/2016,N,,
2514,SJ2,3,168,195,2.5,H,A2A,11/10/2016,Y,0.6,
2514,SJ2,3,197,191,1.5,O,A2A2,11/10/2016,N,,
2514,SJ2,3,247,152,1,O,A2A4,11/10/2016,N,,
2514,SJ2,3,255,139,1,H,A2A5A,11/10/2016,Y,0.55,
2514,SJ2,3,255,139,1,H,A2A5A,11/10/2016,Y,CW,
2514,SJ2,3,249,158,1.5,O,A2A6C-D,11/10/2016,Y,0.55,
2514,SJ2,3,314,118,1,O,A2A6F-G,11/10/2016,N,,
2514,SJ2,3,254,153,1.75,O,A2C1-2,11/10/2016,N,,
2514,SJ2,7,42,136,6,O,A,11/10/2016,N,,
2514,SJ2,7,126,132,2.5,H,A1,11/10/2016,N,,
2514,SJ2,7,77,158,5.5,O,A1-2,11/10/2016,N,,
2514,SJ2,7,153,172,5,O,A1-2,11/10/2016,N,,
2514,SJ2,7,195,147,2,H,A2,11/10/2016,N,,
2514,SJ2,7,212,145,1.75,O,A2,11/10/2016,N,,
2514,SJ2,7,62,154,5,O,C1,11/10/2016,N,,
2514,SJ2,7,129,162,3,H,C1A,11/10/2016,Y,0.55,
2514,SJ2,7,141,164,1.75,O,C1A1,11/10/2016,N,,
2514,SJ2,6,141,191,1,O,A1D,11/10/2016,N,,
2514,SJ2,6,146,178,1.25,H,A1E-F,11/10/2016,N,,
2514,SJ2,6,197,153,0.25,O,A1G,11/10/2016,N,,
2514,SJ2,6,202,153,0.25,O,A1G,11/10/2016,N,,
2514,SJ2,6,201,152,0.5,H,A1G-H,11/10/2016,N,,
2514,SJ2,6,203,152,0.5,O,A1H-I,11/10/2016,N,,
2514,SJ2,6,101,182,3,O,A2A,11/10/2016,N,,
2514,SJ2,6,78,160,2.5,H,A2B-C,11/10/2016,Y,0.5,
2514,SJ2,6,174,133,1,O,A2B-C,11/10/2016,N,,
2514,SJ2,9,86,167,3.5,O,A1,11/10/2016,N,,
2514,SJ2,9,102,175,3.5,H,A1A-B,11/10/2016,Y,0.45,
2514,SJ2,9,184,176,1.25,O,A1C1-2,11/10/2016,N,,
2514,SJ2,9,178,175,2.25,O,A1C-D,11/10/2016,N,,
2514,SJ2,9,92,170,4,H,A1-2,11/10/2016,N,,
2514,SJ2,9,104,171,4,O,A1-2,11/10/2016,N,,
2514,SJ2,9,35,163,5.5,O,B,11/10/2016,N,,
2514,SJ2,9,113,184,3,H,B1,11/10/2016,N,,
2514,SJ2,9,174,187,1.75,O,B2C-D,11/10/2016,N,,
2514,SJ2,12,24,78,8,O,A,11/10/2016,N,,
2514,SJ2,12,170,165,3.5,H,A1B-C,11/10/2016,N,,
2514,SJ2,12,193,164,2,O,A1C-D,11/10/2016,N,,
2514,SJ2,12,187,171,4,O,A2,11/10/2016,N,,
2514,SJ2,12,196,170,3.5,H,A2A,11/10/2016,N,,
2514,SJ2,12,196,170,3.5,O,A2A,11/10/2016,N,,
2514,SJ2,12,215,164,3,O,A2A-B,11/10/2016,N,,
2514,SJ2,12,267,153,2.75,H,A2B-C,11/10/2016,N,,
2514,SJ2,12,276,153,2.5,O,A2B,11/10/2016,N,,
2514,SJ2,13,156,123,2,O,A1,11/10/2016,N,,
2514,SJ2,13,211,102,0.75,H,A1A3,11/10/2016,N,,
2514,SJ2,13,193,93,1,O,A3B2-3,11/10/2016,N,,
2514,SJ2,13,221,63,0.75,O,A3B2,11/10/2016,N,,
2514,SJ2,13,221,63,0.75,O,A3B2,11/10/2016,N,,
2514,SJ2,13,127,103,1.5,H,A4A-B,11/10/2016,N,,
2514,SJ2,13,152,77,1.25,O,A5,11/10/2016,N,,
2514,SJ2,13,231,157,1.25,H,B8,11/10/2016,N,,
2514,SJ2,13,231,157,1.25,H,B8,11/10/2016,N,,
2514,SJ2,13,238,152,1,O,B8,11/10/2016,N,,
2514,SJ2,13,233,159,2.25,O,B9-10,11/10/2016,N,,
2514,SJ2,13,256,152,1,O,B10,11/10/2016,N,,
2514,SJ2,11,5,159,6,O,A,11/10/2016,N,,
2514,SJ2,11,7,161,5.5,H,A,11/10/2016,N,,
2514,SJ2,11,15,168,5.5,O,A,11/10/2016,N,,
2514,SJ2,11,29,178,3.5,O,A1-2,11/10/2016,N,,
2514,SJ2,11,29,178,3.5,O,A1-2,11/10/2016,N,,
2514,SJ2,11,11,161,4,H,B,11/10/2016,Y,0.7,
2514,SJ2,11,15,163,4,O,B,11/10/2016,N,,
2514,SJ2,11,16,163,4,H,B,11/10/2016,Y,0.7,
2514,SJ2,11,19,164,3.5,O,B,11/10/2016,N,,
2515,SJ1,12,37,125,10.5,O,B,11/10/2016,N,,
2515,SJ1,12,151,172,5,H,A,11/10/2016,N,,
2515,SJ1,12,186,181,5,O,A,11/10/2016,N,,
2515,SJ1,12,236,193,2,O,A1A-B,11/10/2016,N,,
2515,SJ1,12,239,193,1.75,H,A1A-B,11/10/2016,N,,
2515,SJ1,12,247,190,1.5,O,A1A-B,11/10/2016,N,,
2515,SJ1,12,283,202,1.75,O,A5,11/10/2016,N,,
2515,SJ1,12,297,213,1.5,H,A5,11/10/2016,N,,
2515,SJ1,12,285,174,1.25,O,A7,11/10/2016,N,,
2515,SJ1,11,58,83,6.5,O,A,11/10/2016,N,,
2515,SJ1,11,62,85,6,H,A,11/10/2016,Y,CW,
2515,SJ1,11,68,91,6,O,A,11/10/2016,N,,
2515,SJ1,11,195,192,1,O,A1C1,11/10/2016,N,,
2515,SJ1,11,169,174,2.5,H,A1E-F,11/10/2016,N,,
2515,SJ1,11,163,170,1.75,O,A3,11/10/2016,N,,
2515,SJ1,11,111,140,3.5,O,B1,11/10/2016,N,,
2515,SJ1,11,152,136,0.75,H,B2,11/10/2016,N,,
2515,SJ1,11,128,145,1,O,B3,11/10/2016,N,,
2515,SJ1,9,111,192,4.5,O,A1-2,11/10/2016,N,,
2515,SJ1,9,137,193,5,H,A1-2,11/10/2016,N,,
2515,SJ1,9,48,178,6.5,O,B,11/10/2016,N,,
2515,SJ1,9,247,144,2.5,O,B5B-C,11/10/2016,N,,
2515,SJ1,9,263,133,0.75,H,B5D,11/10/2016,N,,
2515,SJ1,9,306,89,1.25,O,B5G,11/10/2016,N,,
2515,SJ1,9,332,63,0.75,O,B5G1,11/10/2016,N,,
2515,SJ1,9,333,62,0.75,H,B5G2,11/10/2016,N,,
2515,SJ1,9,332,63,0.75,O,B5G2-3,11/10/2016,N,,
2515,SJ1,9,338,57,0.75,O,B5G2,11/10/2016,N,,
2515,SJ1,9,275,122,1.25,H,B5G6-7,11/10/2016,N,,
2515,SJ1,9,320,96,1.5,O,B9B-C,11/10/2016,N,,
2515,SJ1,9,284,113,0.75,O,B10A,11/10/2016,N,,
2515,SJ1,9,287,112,0.75,H,B10A,11/10/2016,N,,
2515,SJ1,9,297,111,0.5,O,B10A1,11/10/2016,N,,
2515,SJ1,9,300,112,0.5,O,B10A1,11/10/2016,N,,
2515,SJ1,9,358,57,0.75,H,B12C,11/10/2016,N,,
2515,SJ1,9,309,89,0.75,O,B13,11/10/2016,N,,
2515,SJ1,3,92,168,6.5,O,A1,11/10/2016,N,,
2515,SJ1,3,104,179,6.5,H,A1,11/10/2016,Y,0.35,
2515,SJ1,3,152,193,3,O,A1A,11/10/2016,N,,
2515,SJ1,3,202,198,2.5,O,A1B,11/10/2016,N,,
2515,SJ1,3,202,198,2.5,O,A1B,11/10/2016,N,,
2515,SJ1,3,241,192,1.5,H,A1B1-2,11/10/2016,N,,
2515,SJ1,3,35,129,5.5,O,B,11/10/2016,N,,
2515,SJ1,3,74,141,4.5,H,B,11/10/2016,Y,0.35,
2515,SJ1,3,208,170,2.5,O,B1,11/10/2016,N,,
2515,SJ1,13,35,127,5,O,A,11/10/2016,N,,
2515,SJ1,13,41,131,3,H,A,11/10/2016,N,,
2515,SJ1,13,97,141,3,O,A,11/10/2016,N,,
2515,SJ1,13,25,141,7.5,O,B,11/10/2016,N,,
2515,SJ1,13,40,156,8.5,H,B,11/10/2016,Y,0.5,
2515,SJ1,13,45,161,9,O,B,11/10/2016,N,,
2515,SJ1,13,45,161,9,O,B,11/10/2016,N,,
2515,SJ1,13,118,192,3.5,H,B2,11/10/2016,Y,0.45,
2515,SJ1,13,135,189,3.5,O,B2,11/10/2016,N,,
2515,SJ1,2,-,153,11,O,MT,11/10/2016,N,,
2515,SJ1,2,-,155,11,H,MT,11/10/2016,N,,
2515,SJ1,2,-,161,12,O,MT,11/10/2016,N,,
2515,SJ1,2,207,163,2.5,O,A1B,11/10/2016,N,,
2515,SJ1,2,213,158,3,H,A1B,11/10/2016,Y,0.45,
2515,SJ1,2,213,158,3,H,A1B,11/10/2016,Y,CW,
2515,SJ1,2,276,128,2,O,A1B,11/10/2016,N,,
2515,SJ1,2,172,172,4.5,O,A3,11/10/2016,N,,
2515,SJ1,2,189,165,4,O,A3,11/10/2016,N,,
2515,SJ1,5,16,141,8.5,O,A,11/10/2016,N,,
2515,SJ1,5,28,145,9,H,A,11/10/2016,N,,
2515,SJ1,5,28,145,9,H,A,11/10/2016,N,,
2515,SJ1,5,167,185,4,O,A1A-B,11/10/2016,N,,
2515,SJ1,5,174,186,4,O,A1A-B,11/10/2016,N,,
2515,SJ1,5,182,190,3.5,O,A1A-B,11/10/2016,N,,
2515,SJ1,5,186,193,3.5,O,A1A-B,11/10/2016,N,,
2515,SJ1,5,275,153,3,H,A1C-D,11/10/2016,Y,0.5,
2515,SJ1,5,344,145,0.75,O,A1D1A-B,11/10/2016,N,,
2516,RB2,1,35,47,8,O,A,11/12/2016,N,,
2516,RB2,1,66,78,8,H,A,11/12/2016,Y,0.65,
2516,RB2,1,66,78,8,H,A,11/12/2016,Y,0.55,
2516,RB2,1,209,127,2.5,O,A4,11/12/2016,N,,
2516,RB2,1,282,147,0.75,O,A5A2,11/12/2016,N,,
2516,RB2,1,273,118,2,O,A5D-E,11/12/2016,N,,
2516,RB2,1,210,166,7,O,A6-7,11/12/2016,N,,
2516,RB2,1,100,110,5,H,B1,11/12/2016,N,,
2516,RB2,1,135,113,3.5,O,B1A-B,11/12/2016,N,,
2516,RB2,3,95,94,2.5,O,A1,11/12/2016,N,,
2516,RB2,3,165,112,1,H,A1B2-3,11/12/2016,N,,
2516,RB2,3,214,143,0.75,O,A1C5,11/12/2016,N,,
2516,RB2,3,182,145,0.75,O,A1E1,11/12/2016,N,,
2516,RB2,3,71,78,4,H,A2,11/12/2016,N,,
2516,RB2,3,79,83,3.5,O,A2,11/12/2016,N,,
2516,RB2,3,91,103,4,O,A2-3,11/12/2016,N,,
2516,RB2,3,109,120,4.5,H,A3-4,11/12/2016,N,,
2516,RB2,3,147,131,3.5,O,A6-7,11/12/2016,N,,
2516,RB2,5,138,106,3,O,A1,11/12/2016,N,,
2516,RB2,5,149,124,2.5,H,A2,11/12/2016,Y,0.5,
2516,RB2,5,152,126,2.5,O,A2,11/12/2016,N,,
2516,RB2,5,187,142,1.5,O,A2A,11/12/2016,N,,
2516,RB2,5,186,183,1.75,H,A4A1-2,11/12/2016,Y,0.4,
2516,RB2,5,148,155,3,O,A5,11/12/2016,N,,
2516,RB2,5,268,186,0.75,O,A7A,11/12/2016,N,,
2516,RB2,5,344,168,1,H,A7C,11/12/2016,Y,0.45,
2516,RB2,5,308,148,0.5,O,B1D3,11/12/2016,N,,
2516,RB2,7,21,128,7,O,A,11/12/2016,N,,
2516,RB2,7,21,128,7,O,A,11/12/2016,N,,
2516,RB2,7,55,147,3,H,A1,11/12/2016,N,,
2516,RB2,7,65,148,7,O,B,11/12/2016,N,,
2516,RB2,7,65,148,7,O,B,11/12/2016,N,,
2516,RB2,7,84,155,4,H,B1,11/12/2016,N,,
2516,RB2,7,16,121,6,O,C,11/12/2016,N,,
2516,RB2,7,34,133,6,H,C,11/12/2016,N,,
2516,RB2,7,59,149,4,O,C1,11/12/2016,Y,0.55,
2516,RB2,2,-,82,11,O,MT,11/12/2016,N,,
2516,RB2,2,-,87,11.5,H,MT,11/12/2016,N,,
2516,RB2,2,-,88,12,O,MT,11/12/2016,N,,
2516,RB2,2,14,96,5.5,H,A,11/12/2016,N,,
2516,RB2,2,25,101,5.5,O,A,11/12/2016,N,,
2516,RB2,2,46,113,3,O,A1,11/12/2016,N,,
2516,RB2,2,6,92,7.5,O,B,11/12/2016,N,,
2516,RB2,2,31,113,7.5,H,B,11/12/2016,N,,
2516,RB2,2,36,113,7,O,B,11/12/2016,N,,
2516,RB2,4,64,54,6.5,O,A1A,11/12/2016,N,,
2516,RB2,4,86,81,3.5,H,A2,11/12/2016,N,,
2516,RB2,4,175,70,0.5,O,A3B3,11/12/2016,N,,
2516,RB2,4,175,64,1,O,A3B3-4,11/12/2016,N,,
2516,RB2,4,110,84,3,H,A4,11/12/2016,N,,
2516,RB2,4,153,96,1.5,O,A2C-D,11/12/2016,N,,
2516,RB2,4,93,112,6.5,O,B1,11/12/2016,N,,
2516,RB2,4,173,128,4.5,H,B1B4-5,11/12/2016,Y,0.55,
2516,RB2,4,177,125,4.5,O,B1B5-6,11/12/2016,N,,
2516,RB2,6,32,147,5,O,A1,11/12/2016,N,,
2516,RB2,6,37,149,4.5,H,A1,11/12/2016,Y,0.5,
2516,RB2,6,42,153,4.5,O,A1,11/12/2016,N,,
2516,RB2,6,78,167,4,O,A1,11/12/2016,N,,
2516,RB2,6,110,172,5,H,A1A-B,11/12/2016,Y,0.55,
2516,RB2,6,131,171,3.5,O,A1A-B,11/12/2016,N,,
2516,RB2,6,67,159,5,O,B,11/12/2016,N,,
2516,RB2,6,109,152,4,H,B1,11/12/2016,Y,0.45,
2516,RB2,6,147,154,3,O,B2,11/12/2016,N,,
2516,RB2,8,92,145,8.5,O,A1,11/12/2016,N,,
2516,RB2,8,106,154,8,H,A1,11/12/2016,Y,0.5,
2516,RB2,8,114,153,8,O,A1,11/12/2016,N,,
2516,RB2,8,127,159,7.5,O,A1,11/12/2016,N,,
2516,RB2,8,179,171,6,H,A1A-B,11/12/2016,N,,
2516,RB2,8,185,177,6,O,A1A-B,11/12/2016,N,,
2516,RB2,8,89,145,12,O,A1-2,11/12/2016,N,,
2516,RB2,8,93,147,12,H,A1-2,11/12/2016,Y,0.55,
2516,RB2,8,124,163,11.5,O,A1-2,11/12/2016,N,,
2517,RB1,2,-,160,12,O,MT,11/12/2016,N,,
2517,RB1,2,-,160,12,O,MT,11/12/2016,N,,
2517,RB1,2,125,189,1.5,H,B1A1,11/12/2016,N,,
2517,RB1,2,149,184,1.25,O,B1A1C-D,11/12/2016,N,,
2517,RB1,2,169,177,1,H,C1D1-2,11/12/2016,N,,
2517,RB1,2,181,173,1,O,C1D1-2,11/12/2016,N,,
2517,RB1,2,20,186,3,O,D1,11/12/2016,N,,
2517,RB1,1,86,159,2.5,O,A1,11/12/2016,N,,
2517,RB1,1,95,158,2.5,H,A1,11/12/2016,N,,
2517,RB1,1,116,154,1.75,O,A1A-B,11/12/2016,N,,
2517,RB1,1,140,148,1.75,O,A1A-B,11/12/2016,N,,
2517,RB1,1,155,145,1.75,H,A1A-B,11/12/2016,N,,
2517,RB1,1,184,125,0.75,O,A1C,11/12/2016,N,,
2517,RB1,1,190,120,0.75,O,A1C,11/12/2016,N,,
2517,RB1,1,87,178,6,H,A2,11/12/2016,N,,
2517,RB1,1,181,183,0.75,O,A2B3,11/12/2016,N,,
2517,RB1,4,71,119,2.5,O,A1A-B,11/12/2016,N,,
2517,RB1,4,84,131,1,H,A1B,11/12/2016,N,,
2517,RB1,4,104,143,2.5,O,A1D-E,11/12/2016,Y,0.4,
2517,RB1,4,166,198,0.75,O,B7B,11/12/2016,N,,
2517,RB1,4,86,138,2,H,C3,11/12/2016,N,,
2517,RB1,4,211,184,1,O,E3H,11/12/2016,N,,
2517,RB1,4,112,145,2.5,O,A2C-D,11/12/2016,N,,
2517,RB1,4,196,102,0.75,H,A2B,11/12/2016,Y,0.45,
2517,RB1,4,188,145,1.5,O,A9,11/12/2016,N,,
2517,RB1,10,115,195,3.5,O,A2,11/12/2016,N,,
2517,RB1,10,143,204,3,H,A2A-B,11/12/2016,Y,0.5,
2517,RB1,10,272,188,2,O,A6B-C,11/12/2016,N,,
2517,RB1,10,279,205,2,O,A7-8,11/12/2016,N,,
2517,RB1,10,226,169,2.5,H,B1A2-3,11/12/2016,N,,
2517,RB1,10,252,163,1.5,O,B1A4-5,11/12/2016,N,,
2517,RB1,10,323,178,1,O,B2A1-2,11/12/2016,N,,
2517,RB1,10,160,166,4,H,C1,11/12/2016,N,,
2517,RB1,10,257,156,1.5,O,C1D,11/12/2016,N,,
2517,RB1,9,79,180,2.25,O,A2-3,11/12/2016,N,,
2517,RB1,9,49,123,2.75,H,B,11/12/2016,N,,
2517,RB1,9,43,130,6,O,C,11/12/2016,Y,0.6,
2517,RB1,9,109,45,2.5,O,C2C-D,11/12/2016,N,,
2517,RB1,9,194,132,1,H,C3D,11/12/2016,N,,
2517,RB1,7,9,43,6.5,O,OF8,11/12/2016,N,,
2517,RB1,7,38,76,2.5,H,OF9A,11/12/2016,Y,0.35,
2517,RB1,7,61,95,4,O,OF9A-B,11/12/2016,N,,
2517,RB1,7,12,81,5,O,OF13,11/12/2016,N,,
2517,RB1,7,183,127,1,H,B1M,11/12/2016,Y,0.45,
2517,RB1,7,86,196,10.5,O,D,11/12/2016,N,,
2517,RB1,5,208,162,0.75,O,A1D,11/12/2016,N,,
2517,RB1,5,213,164,0.75,H,A1D,11/12/2016,N,,
2517,RB1,5,178,103,1,O,A2A3,11/12/2016,N,,
2517,RB1,5,228,110,0.75,O,A2F1,11/12/2016,N,,
2517,RB1,5,95,87,6,H,A2-3,11/12/2016,N,,
2518,CC2,9,121,171,4,O,A1,11/18/2016,N,,
2518,CC2,9,127,173,4.5,H,A1,11/18/2016,N,,
2518,CC2,9,162,173,3,O,A1,11/18/2016,N,,
2518,CC2,9,223,130,0.75,O,A1B,11/18/2016,N,,
2518,CC2,9,241,126,0.75,H,A1B,11/18/2016,N,,
2518,CC2,9,245,148,0.5,O,A1E,11/18/2016,N,,
2518,CC2,9,238,130,1,O,A1F,11/18/2016,N,,
2518,CC2,9,117,181,4,H,A2-3,11/18/2016,Y,1.25,
2518,CC2,9,31,97,4.5,O,C,11/18/2016,N,,
2518,CC2,9,61,114,5,O,C,11/18/2016,N,,
2518,CC2,9,93,136,3.5,H,C,11/18/2016,Y,1.3,
2518,CC2,9,109,149,3,O,C1-2,11/18/2016,N,,
2518,CC2,15,186,198,3,O,A1B,11/18/2016,N,,
2518,CC2,15,249,196,1,H,A1B3A,11/18/2016,N,,
2518,CC2,15,216,179,1,O,A1B1,11/18/2016,N,,
2518,CC2,15,289,164,0.75,O,A1B3,11/18/2016,N,,
2518,CC2,15,303,153,0.75,H,A1B3,11/18/2016,Y,0.85,
2518,CC2,15,248,188,1.25,O,A1C2,11/18/2016,N,,
2518,CC2,15,198,188,2.5,O,A1D-E,11/18/2016,N,,
2518,CC2,15,126,184,5.5,H,A2-3,11/18/2016,N,,
2518,CC2,15,144,193,4.5,O,A3-4,11/18/2016,N,,
2518,CC2,15,195,203,1.75,O,B1F,11/18/2016,N,,
2518,CC2,15,197,203,2,H,B1F1-2,11/18/2016,Y,0.7,CUT OFF
2518,CC2,15,244,192,2,O,B1H,11/18/2016,N,,
2518,CC2,14,168,146,1.75,O,A1B,11/18/2016,N,,
2518,CC2,14,168,146,1.75,O,A1B,11/18/2016,N,,
2518,CC2,14,266,147,0.75,H,A1D2B,11/18/2016,N,,
2518,CC2,14,267,146,0.75,O,A1D2B,11/18/2016,N,,
2518,CC2,14,288,143,1,H,A1D2F,11/18/2016,N,,
2518,CC2,14,293,141,1,O,A1D2F,11/18/2016,N,,
2518,CC2,14,232,166,1,O,A1C2,11/18/2016,N,,
2518,CC2,14,237,164,1,H,A1C2,11/18/2016,Y,1,
2518,CC2,14,198,155,2.25,O,A1D-E,11/18/2016,N,,
2518,CC2,14,159,174,1.25,O,A3,11/18/2016,N,,
2518,CC2,14,178,185,2.75,H,A5,11/18/2016,Y,1.05,
2518,CC2,14,128,120,4.5,O,B1,11/18/2016,N,,
2518,CC2,16,135,183,5,O,A1-2,11/18/2016,N,,
2518,CC2,16,143,184,5.5,H,A1-2,11/18/2016,N,,
2518,CC2,16,199,163,2.5,O,A2,11/18/2016,N,,
2518,CC2,16,233,141,1.25,O,A2A2-3,11/18/2016,N,,
2518,CC2,16,217,162,1,H,A2B,11/18/2016,N,,
2518,CC2,16,228,171,0.75,O,A2B,11/18/2016,N,,
2518,CC2,16,242,143,1.75,O,A2D-E,11/18/2016,N,,
2518,CC2,16,37,130,6,H,B,11/18/2016,N,,
2518,CC2,16,110,174,4.5,O,B1-2,11/18/2016,N,,
2518,CC2,16,128,168,2.5,O,B2,11/18/2016,N,,
2518,CC2,16,140,165,2.5,H,B2,11/18/2016,N,,
2518,CC2,16,164,172,1.25,O,B2A,11/18/2016,N,,
2518,CC2,2,129,113,2,O,A1-2,11/18/2016,N,,
2518,CC2,2,129,113,2,O,A1-2,11/18/2016,N,,
2518,CC2,2,135,113,2,H,A1-2,11/18/2016,N,,
2518,CC2,2,60,148,6,O,B1,11/18/2016,Y,1,
2518,CC2,2,138,177,2,H,B1A1,11/18/2016,N,,
2518,CC2,2,200,146,0.5,O,B1D2,11/18/2016,N,,
2518,CC2,2,137,179,4,O,B1D-E,11/18/2016,N,,
2518,CC2,2,146,185,4,H,B1D-E,11/18/2016,N,,
2518,CC2,2,156,193,3.5,O,B1D-E,11/18/2016,Y,1.3,
2518,CC2,2,175,143,0.75,O,B2B1,11/18/2016,Y,1,
2518,CC2,2,196,132,2.25,H,B3A1-2,11/18/2016,N,,
2518,CC2,2,209,133,2,O,B3A2-3,11/18/2016,N,,
2518,CC2,10,33,154,9,O,A,11/18/2016,N,,
2518,CC2,10,33,154,9,O,A,11/18/2016,N,,
2518,CC2,10,37,154,9.5,H,A,11/18/2016,N,,
2518,CC2,10,52,167,8.5,O,A,11/18/2016,N,,
2518,CC2,10,52,167,8.5,O,A,11/18/2016,N,,
2518,CC2,10,112,170,3,H,A1,11/18/2016,N,,
2518,CC2,10,159,188,2,O,B1A,11/18/2016,N,,
2518,CC2,10,151,177,4,H,B1A-B,11/18/2016,N,,
2518,CC2,10,152,173,4.5,O,B1A-B,11/18/2016,N,,
2518,CC2,10,236,171,1.25,O,B1C,11/18/2016,N,,
2518,CC2,10,238,169,1.25,H,B1C,11/18/2016,N,,
2518,CC2,10,259,161,1.25,O,B1C,11/18/2016,N,,
2518,CC2,11,194,151,4,O,A1-2,11/18/2016,N,,
2518,CC2,11,107,147,2.5,H,A2,11/18/2016,Y,1.3,
2518,CC2,11,114,145,2.5,O,A2,11/18/2016,N,,
2518,CC2,11,140,139,2,O,A2A-B,11/18/2016,N,,
2518,CC2,11,149,136,2,H,A2B-C,11/18/2016,N,,
2518,CC2,11,185,127,1.75,O,A2C-D,11/18/2016,N,,
2518,CC2,11,183,112,1.75,O,A2B,11/18/2016,N,,
2518,CC2,11,183,112,1.75,O,A2B,11/18/2016,N,,
2518,CC2,11,98,149,4.5,H,A2-3,11/18/2016,N,,
2518,CC2,11,102,150,4,O,A2-3,11/18/2016,N,,
2518,CC2,11,102,150,4,O,A2-3,11/18/2016,N,,
2518,CC2,11,171,156,2.25,H,A3-4,11/18/2016,N,,
2518,CC2,17,151,144,1.25,O,A1B,11/18/2016,N,,
2518,CC2,17,218,150,1,H,A1E,11/18/2016,N,,
2518,CC2,17,151,176,5,O,A2,11/18/2016,N,,
2518,CC2,17,214,200,2.5,O,A2C-D,11/18/2016,N,,
2518,CC2,17,214,200,2.5,O,A2C-D,11/18/2016,N,,
2518,CC2,17,218,203,3,H,A2C-D,11/18/2016,N,,
2518,CC2,17,150,181,3.5,O,A2-3,11/18/2016,N,,
2518,CC2,17,150,134,3,H,B1A,11/18/2016,Y,1,
2518,CC2,17,183,155,1.75,O,B1A4-5,11/18/2016,N,,
2518,CC2,17,232,182,1.5,O,B1D,11/18/2016,N,,
2518,CC2,17,233,182,1.5,H,B1D,11/18/2016,Y,1.05,
2518,CC2,17,68,135,5,O,B1-2,11/18/2016,Y,0.75,
2519,CC1,1,42,132,8,O,A,11/18/2016,N,,
2519,CC1,1,94,176,1,H,A1A,11/18/2016,N,,
2519,CC1,1,84,176,1.5,O,A1D-E,11/18/2016,N,,
2519,CC1,1,103,192,7,O,A2-3,11/18/2016,N,,
2519,CC1,1,116,166,8,H,B2-3,11/18/2016,N,,
2519,CC1,1,126,175,7.5,O,B2-3,11/18/2016,N,,
2519,CC1,1,126,175,7.5,O,B2-3,11/18/2016,N,,
2519,CC1,1,352,164,0.75,H,B5F,11/18/2016,N,,
2519,CC1,1,356,156,1.25,O,B5F-G,11/18/2016,N,,
2519,CC1,1,51,131,3,O,C1,11/18/2016,N,,
2519,CC1,1,84,136,4,H,C2-3,11/18/2016,Y,1.1,
2519,CC1,1,224,148,0.5,O,C5B2,11/18/2016,N,,
2519,CC1,16,72,150,6.5,O,A,11/18/2016,N,,
2519,CC1,16,103,181,1,H,A2B,11/18/2016,N,,
2519,CC1,16,116,186,2,O,B1A-B,11/18/2016,Y,0.95,
2519,CC1,16,170,153,0.75,O,B1A3,11/18/2016,N,,
2519,CC1,16,201,147,0.75,H,B1A7-8,11/18/2016,Y,0.8,
2519,CC1,16,117,174,1.75,O,B2,11/18/2016,N,,
2519,CC1,16,119,175,1.75,O,B2A-B,11/18/2016,N,,
2519,CC1,16,168,200,1,H,B2E,11/18/2016,N,,
2519,CC1,16,143,182,0.5,O,B3,11/18/2016,N,,
2519,CC1,16,126,179,2.5,O,B4-5,11/18/2016,N,,
2519,CC1,16,131,180,2.5,H,B4-5,11/18/2016,N,,
2519,CC1,16,199,162,0.75,O,B9,11/18/2016,N,,
2519,CC1,14,116,89,3.5,O,A1A-B,11/18/2016,N,,
2519,CC1,14,135,99,3.5,H,A1A-B,11/18/2016,N,,
2519,CC1,14,184,120,0.75,O,A1C1,11/18/2016,N,,
2519,CC1,14,224,126,1,O,A1C3,11/18/2016,N,,
2519,CC1,14,236,145,1.25,H,A1F2-3,11/18/2016,N,,
2519,CC1,14,238,146,1.25,O,A1F2-3,11/18/2016,N,,
2519,CC1,14,223,134,2.25,O,A1H-I,11/18/2016,N,,
2519,CC1,14,223,134,2.25,O,A1H-I,11/18/2016,N,,
2519,CC1,14,238,144,2.25,H,AIJ-K,11/18/2016,N,,
2519,CC1,14,20,51,8,O,B1-2,11/18/2016,N,,
2519,CC1,14,20,51,8,O,B1-2,11/18/2016,N,,
2519,CC1,14,29,61,7,H,B1-2,11/18/2016,N,,
2519,CC1,14,29,61,7,H,B1-2,11/18/2016,Y,CW,0.9
2519,CC1,14,157,135,3.5,O,B1B-C,11/18/2016,Y,0.85,
2519,CC1,14,190,155,3.5,O,B1E,11/18/2016,N,,
2519,CC1,7,59,150,5.5,O,A1A,11/18/2016,N,,
2519,CC1,7,95,162,5.5,H,A1A,11/18/2016,N,,
2519,CC1,7,171,204,5,O,A1A1-2,11/18/2016,Y,0.9,
2519,CC1,7,69,160,7,O,A1A-B,11/18/2016,N,,
2519,CC1,7,65,161,9.5,H,A1-2,11/18/2016,Y,0.75,
2519,CC1,7,98,178,8,O,A1-2,11/18/2016,N,,
2519,CC1,7,118,188,8,O,A1-2,11/18/2016,N,,
2519,CC1,7,22,127,5.5,H,B1,11/18/2016,Y,1.15,
2519,CC1,7,63,173,8,O,B1-2,11/18/2016,N,,
2519,CC1,7,105,204,3,O,B2,11/18/2016,N,,
2519,CC1,7,129,175,6,H,C1-2,11/18/2016,Y,CW,
2519,CC1,7,129,175,6,H,C1-2,11/18/2016,N,,
2519,CC1,7,129,175,6,H,C1-2,11/18/2016,N,,
2519,CC1,7,153,188,1.5,O,C2A,11/18/2016,N,,
2519,CC1,7,162,195,1,O,C2B,11/18/2016,N,,
2519,CC1,7,176,188,2.5,O,C1B-C,11/18/2016,N,,
2519,CC1,7,172,186,3.5,O,C2-3,11/18/2016,N,,
2519,CC1,7,241,191,1.25,O,C5A-B,11/18/2016,N,,
2519,CC1,15,52,150,3,O,A,11/18/2016,N,,
2519,CC1,15,151,196,1,H,B1B3C-D,11/18/2016,N,,
2519,CC1,15,65,174,1.25,O,B1B10-11,11/18/2016,N,,
2519,CC1,15,201,186,7.5,O,B2-3,11/18/2016,Y,0.9,
2519,CC1,17,67,84,13,O,A,11/18/2016,N,,
2519,CC1,17,72,90,13,H,A,11/18/2016,Y,0.9,
2519,CC1,17,102,111,10,O,A,11/18/2016,N,,
2519,CC1,17,122,134,10,O,A,11/18/2016,N,,
2519,CC1,17,38,56,12,H,B,11/18/2016,Y,0.95,
2519,CC1,17,38,56,12,H,B,11/18/2016,Y,1.05,
2519,CC1,17,72,93,14,O,B,11/18/2016,Y,1,
2519,CC1,17,93,113,11,O,B,11/18/2016,Y,0.6,
2519,CC1,17,109,129,12,O,B,11/18/2016,N,,
2519,CC1,17,161,158,5,O,B1,11/18/2016,Y,0.9,
2519,CC1,17,201,155,5,H,B1,11/18/2016,N,,
2519,CC1,17,246,157,3.5,O,B1A,11/18/2016,N,,
2519,CC1,6,101,188,2.5,O,A1,11/18/2016,N,,
2519,CC1,6,29,183,5,H,A2,11/18/2016,Y,0.9,
2519,CC1,6,35,184,5,O,A2,11/18/2016,N,,
2519,CC1,6,40,185,5,O,A2,11/18/2016,N,,
2519,CC1,6,130,157,2,H,A2A,11/18/2016,N,,
2519,CC1,6,63,186,3.5,O,A2B,11/18/2016,N,,
2519,CC1,6,102,160,2,O,A2B3,11/18/2016,N,,
2519,CC1,6,104,191,4,H,A3-4,11/18/2016,Y,1.1,
2519,CC1,6,115,189,3.5,O,A3-4,11/18/2016,N,,
2519,CC1,6,115,189,3.5,O,A3-4,11/18/2016,N,,
2519,CC1,6,74,185,3.5,H,B,11/18/2016,Y,0.8,
2519,CC1,6,114,186,1.75,O,B1,11/18/2016,Y,1,
2520,SJ2,14,-,74,6,O,MT,11/18/2016,N,,
2520,SJ2,14,-,82,5.5,H,MT,11/18/2016,Y,0.55,
2520,SJ2,14,-,88,5.5,O,MT,11/18/2016,N,,
2520,SJ2,14,-,91,5.5,O,MT,11/18/2016,N,,
2520,SJ2,14,-,97,6,H,MT,11/18/2016,Y,0.5,
2520,SJ2,14,-,109,5.5,O,MT,11/18/2016,N,,
2520,SJ2,14,-,109,5.5,O,MT,11/18/2016,N,,
2520,SJ2,14,66,160,3,H,A,11/18/2016,Y,0.65,
2520,SJ2,14,75,166,3,O,A,11/18/2016,N,,
2520,SJ2,14,114,183,3.5,O,A3-4,11/18/2016,N,,
2520,SJ2,14,116,185,3,H,A3-4,11/18/2016,N,,
2520,SJ2,14,40,44,4,O,B1-2,11/18/2016,N,,
2520,SJ2,15,184,139,0.75,O,B2A2A-B,11/18/2016,N,,
2520,SJ2,15,150,178,2.5,H,B2B-C,11/18/2016,N,,
2520,SJ2,15,150,178,2.5,H,B2B-C,11/18/2016,N,,
2520,SJ2,15,151,177,2.5,O,B2B-C,11/18/2016,N,,
2520,SJ2,15,157,176,2.5,O,B2B-C,11/18/2016,N,,
2520,SJ2,15,196,183,1,O,B2C1-2,11/18/2016,N,,
2520,SJ2,15,200,183,1,O,B2C2-3,11/18/2016,N,,
2520,SJ2,15,203,183,1,H,B2C2-3,11/18/2016,N,,
2520,SJ2,15,207,183,1.75,O,B2C4-5,11/18/2016,N,,
2520,SJ2,15,201,151,2,O,B2D-E,11/18/2016,N,,
2520,SJ2,15,221,137,1.5,H,B2F-G,11/18/2016,N,,
2520,SJ2,15,154,163,1,O,B3B-C,11/18/2016,N,,
2520,SJ2,7,174,155,2.5,O,C1A2,11/18/2016,N,,
2520,SJ2,7,200,135,1.75,H,C1A2-3,11/18/2016,N,,
2520,SJ2,7,142,163,3,O,C1B,11/18/2016,N,,
2520,SJ2,7,216,156,4.5,O,C1B1,11/18/2016,N,,
2520,SJ2,7,238,144,1.25,H,C1B1C-D,11/18/2016,N,,
2520,SJ2,7,254,140,1,O,C1B1D,11/18/2016,N,,
2520,SJ2,7,260,140,0.75,O,C1B1D,11/18/2016,N,,
2520,SJ2,7,150,163,3,H,C1B-C,11/18/2016,N,,
2520,SJ2,7,189,158,2,O,C1C-D,11/18/2016,N,,
2520,SJ2,7,204,162,1.5,O,C1C-D,11/18/2016,N,,
2520,SJ2,7,218,164,1.5,H,C1F-G,11/18/2016,N,,
2520,SJ2,7,221,164,1.5,O,C1F-G,11/18/2016,N,,
2520,SJ2,6,212,158,1,O,A2A2B,11/18/2016,N,,
2520,SJ2,6,163,164,2,H,A2A3,11/18/2016,N,,
2520,SJ2,6,180,167,0.75,O,A2A3A,11/18/2016,N,,
2520,SJ2,6,181,159,0.75,O,A2A3A-B,11/18/2016,N,,
2520,SJ2,6,186,158,0.75,H,A2A3A-B,11/18/2016,Y,0.65,
2520,SJ2,6,200,153,1.25,O,A2A3A-B,11/18/2016,N,,
2520,SJ2,6,196,164,1,O,A2A4A-B,11/18/2016,Y,0.5,
2520,SJ2,6,202,167,1,H,A2A4A-B,11/18/2016,N,,
2520,SJ2,6,196,155,1,O,A2A4-5,11/18/2016,N,,
2520,SJ2,6,205,150,1,O,A2A4-5,11/18/2016,N,,
2520,SJ2,6,210,148,0.75,H,A2A4-5,11/18/2016,N,,
2520,SJ2,6,117,175,0.75,O,A4A,11/18/2016,N,,
2520,SJ2,9,10,156,9,O,A,11/18/2016,N,,
2520,SJ2,9,22,165,8,H,A,11/18/2016,N,,
2520,SJ2,9,23,163,8,O,A,11/18/2016,N,,
2520,SJ2,9,52,167,6,O,A1-2,11/18/2016,N,,
2520,SJ2,9,207,156,2,H,A3B-C,11/18/2016,Y,0.35,
2520,SJ2,9,171,165,3,O,A4-5,11/18/2016,N,,
2520,SJ2,9,257,158,1.5,O,A5A-B,11/18/2016,N,,
2520,SJ2,9,278,148,1,H,A5B-C,11/18/2016,N,,
2520,SJ2,9,40,166,5.5,O,B,11/18/2016,N,,
2520,SJ2,9,103,180,3,O,B1,11/18/2016,N,,
2520,SJ2,9,107,180,4,H,B1-2,11/18/2016,N,,
2520,SJ2,9,159,181,1.75,O,B3,11/18/2016,N,,
2520,SJ2,17,296,144,1,O,A1E2,11/18/2016,N,,
2520,SJ2,17,289,133,1,H,A1E2,11/18/2016,N,,
2520,SJ2,17,304,134,1,O,A1B1C,11/18/2016,N,,
2520,SJ2,17,278,128,2,O,A1G,11/18/2016,Y,0.5,
2520,SJ2,17,229,173,1.75,H,A3A1,11/18/2016,N,,
2520,SJ2,17,200,197,1.75,O,A3A2,11/18/2016,N,,
2520,SJ2,17,215,194,1.5,O,A3A2A-B,11/18/2016,N,,
2520,SJ2,17,266,178,0.75,H,A3A2C-D,11/18/2016,N,,
2520,SJ2,17,200,171,1.25,O,A3A4,11/18/2016,N,,
2520,SJ2,17,267,155,0.75,O,A3A5A,11/18/2016,N,,
2520,SJ2,17,305,150,1,H,A4B1C,11/18/2016,N,,
2520,SJ2,17,370,132,0.5,O,A4B1I,11/18/2016,N,,
2520,SJ2,16,212,134,1.75,O,A1A3A-B,11/18/2016,N,,
2520,SJ2,16,224,124,1.75,H,A1A3-4,11/18/2016,N,,
2520,SJ2,16,224,124,1.75,H,A1A3-4,11/18/2016,N,,
2520,SJ2,16,240,124,1.25,O,A1A7-8,11/18/2016,N,,
2520,SJ2,16,267,120,1,O,A1A8,11/18/2016,Y,0.55,
2520,SJ2,16,277,114,1,O,A1A8-9,11/18/2016,N,,
2520,SJ2,16,284,113,1,O,A1A8-9,11/18/2016,N,,
2520,SJ2,16,163,152,1.25,H,A1B,11/18/2016,N,,
2520,SJ2,16,158,158,2,O,A1B-C,11/18/2016,N,,
2520,SJ2,16,212,142,1.25,O,A1C-D,11/18/2016,Y,0.4,
2520,SJ2,16,223,134,1.5,H,A1E-F,11/18/2016,N,,
2520,SJ2,16,142,114,2.5,O,A2B-C,11/18/2016,N,,
2520,SJ2,2,-,76,8,O,MT,11/18/2016,N,,
2520,SJ2,2,-,82,8,H,MT,11/18/2016,Y,0.75,
2520,SJ2,2,-,114,8,O,MT,11/18/2016,N,,
2520,SJ2,2,-,114,8,O,MT,11/18/2016,N,,
2520,SJ2,2,-,119,8,H,MT,11/18/2016,N,,
2520,SJ2,2,68,156,3,O,A1,11/18/2016,N,,
2520,SJ2,2,68,156,3,O,A1,11/18/2016,N,,
2520,SJ2,2,102,151,2.5,H,A1A-B,11/18/2016,N,,
2520,SJ2,2,63,167,8,O,A1-2,11/18/2016,N,,
2520,SJ2,2,65,170,7,O,A1-2,11/18/2016,N,,
2520,SJ2,2,24,150,6.5,H,B,11/18/2016,N,,
2520,SJ2,2,61,175,6.5,O,B1-2,11/18/2016,N,,
2521,SJ1,1,141,172,17,O,A1-2,11/18/2016,N,,
2521,SJ1,1,148,174,17,H,A1-2,11/18/2016,Y,0.45,
2521,SJ1,1,480,173,2.5,O,A4A,11/18/2016,N,,
2521,SJ1,1,501,167,1.75,O,A4A1,11/18/2016,N,,
2521,SJ1,1,511,176,1.5,H,A4A1,11/18/2016,N,,
2521,SJ1,1,521,181,1.5,O,A4A1,11/18/2016,N,,
2521,SJ1,1,501,164,2,O,A4A1-2,11/18/2016,N,,
2521,SJ1,1,526,148,1.5,H,A9A1-2,11/18/2016,N,,
2521,SJ1,1,535,148,1,O,A4A2,11/18/2016,N,,
2521,SJ1,1,467,182,3.5,O,A4A-B,11/18/2016,N,,
2521,SJ1,1,514,149,1.25,H,A4B,11/18/2016,N,,
2521,SJ1,1,516,147,1.25,O,A4B,11/18/2016,N,,
2521,SJ1,15,81,122,6,O,A2,11/18/2016,N,,
2521,SJ1,15,81,122,6,O,A2,11/18/2016,N,,
2521,SJ1,15,90,122,6,H,A2,11/18/2016,Y,0.85,
2521,SJ1,15,90,122,6,H,A2,11/18/2016,Y,0.85,
2521,SJ1,15,159,137,4,O,A2,11/18/2016,N,,
2521,SJ1,15,171,138,4,O,A2,11/18/2016,N,,
2521,SJ1,15,248,151,2.5,O,A2,11/18/2016,N,,
2521,SJ1,15,260,153,2,H,A2B,11/18/2016,Y,0.7,
2521,SJ1,15,112,137,6,O,A2-3,11/18/2016,N,,
2521,SJ1,15,112,137,6,O,A2-3,11/18/2016,N,,
2521,SJ1,15,251,154,3,H,A3-4,11/18/2016,Y,0.85,
2521,SJ1,15,328,167,1.5,O,A4B-C,11/18/2016,N,,
2521,SJ1,11,68,90,6,O,A,11/18/2016,N,,
2521,SJ1,11,77,99,6,H,A,11/18/2016,N,,
2521,SJ1,11,90,112,6,O,A,11/18/2016,N,,
2521,SJ1,11,90,112,6,O,A,11/18/2016,N,,
2521,SJ1,11,118,139,6,H,A,11/18/2016,N,,
2521,SJ1,11,125,145,3.5,O,A1,11/18/2016,N,,
2521,SJ1,11,167,168,1.5,O,A1A,11/18/2016,N,,
2521,SJ1,11,174,171,1.25,H,A1A,11/18/2016,Y,0.6,
2521,SJ1,11,178,174,0.75,O,A1B,11/18/2016,N,,
2521,SJ1,11,184,178,0.75,O,A1B,11/18/2016,N,,
2521,SJ1,11,167,167,2.5,H,A1C,11/18/2016,Y,0.6,
2521,SJ1,11,198,192,1.25,O,A1E,11/18/2016,N,,
2521,SJ1,7,145,106,0.5,O,B1C,11/18/2016,N,,
2521,SJ1,7,114,109,1,H,B2,11/18/2016,Y,0.6,
2521,SJ1,7,145,86,1.25,O,B4-5,11/18/2016,N,,
2521,SJ1,7,145,86,1.25,O,B4-5,11/18/2016,N,,
2521,SJ1,7,120,173,6,H,A,11/18/2016,Y,0.55,
2521,SJ1,7,120,173,6,H,A,11/18/2016,Y,0.7,
2521,SJ1,7,123,175,6,O,A,11/18/2016,N,,
2521,SJ1,7,125,177,6,O,A,11/18/2016,N,,
2521,SJ1,7,129,181,6,O,A,11/18/2016,N,,
2521,SJ1,7,336,183,0.75,O,A1A-B,11/18/2016,N,,
2521,SJ1,9,-,53,9,O,MT,11/18/2016,N,,
2521,SJ1,9,-,72,9.5,H,MT,11/18/2016,Y,0.5,
2521,SJ1,9,59,169,6,O,A,11/18/2016,N,,
2521,SJ1,9,59,169,6,O,A,11/18/2016,N,,
2521,SJ1,9,97,185,5,H,A,11/18/2016,Y,0.55,
2521,SJ1,9,260,126,1,O,A1C,11/18/2016,N,,
2521,SJ1,9,265,122,0.75,O,A1C,11/18/2016,N,,
2521,SJ1,9,237,138,2.25,H,A3,11/18/2016,Y,CW,
2521,SJ1,9,296,195,1.75,O,A4,11/18/2016,N,,
2521,SJ1,9,292,107,0.5,O,B5D1,11/18/2016,N,,
2521,SJ1,9,232,142,1.25,H,B7,11/18/2016,N,,
2521,SJ1,9,315,84,1,O,B7A-B,11/18/2016,N,,
2521,SJ1,10,59,72,7,O,A1,11/18/2016,Y,0.55,
2521,SJ1,10,59,72,7,O,A1,11/18/2016,N,,
2521,SJ1,10,94,102,5,H,A1,11/18/2016,Y,0.5,
2521,SJ1,10,98,103,5,O,A1,11/18/2016,N,,
2521,SJ1,10,170,138,4.5,H,A1,11/18/2016,Y,0.45,
2521,SJ1,10,182,138,3,O,A1,11/18/2016,N,,
2521,SJ1,10,99,122,8,O,B1,11/18/2016,N,,
2521,SJ1,10,135,125,7,H,B1,11/18/2016,N,,
2521,SJ1,10,287,108,1,O,B1A5,11/18/2016,N,,
2521,SJ1,10,287,108,1,O,B1A5,11/18/2016,N,,
2521,SJ1,10,106,122,12,H,B2-3,11/18/2016,Y,0.55,
2521,SJ1,10,266,179,4,O,B3B,11/18/2016,N,,
2521,SJ1,16,23,101,7,O,A,11/18/2016,N,,
2521,SJ1,16,120,176,4,H,A1A,11/18/2016,N,,
2521,SJ1,16,124,175,4,O,A1A,11/18/2016,N,,
2521,SJ1,16,124,175,4,O,A1A,11/18/2016,N,,
2521,SJ1,16,162,171,2,H,A1A1,11/18/2016,Y,0.6,
2521,SJ1,16,179,153,2,O,A1A2,11/18/2016,N,,
2521,SJ1,16,191,150,1.25,O,A1A2,11/18/2016,N,,
2521,SJ1,16,190,163,2,H,A1A3,11/18/2016,N,,
2521,SJ1,16,202,158,1.75,O,A1A3B,11/18/2016,N,,
2521,SJ1,16,86,161,6,O,A2,11/18/2016,N,,
2521,SJ1,16,136,154,2,H,A2A1,11/18/2016,N,,
2521,SJ1,16,155,145,2,O,A2A1,11/18/2016,N,,
2521,SJ1,17,307,173,1,O,A1D1-2,11/18/2016,N,,
2521,SJ1,17,307,164,2,H,A1E-F,11/18/2016,N,,
2521,SJ1,17,146,157,8,O,B,11/18/2016,N,,
2521,SJ1,17,222,135,1.5,O,B1A,11/18/2016,Y,CW,
2521,SJ1,17,258,107,1.5,H,B1E-F,11/18/2016,N,,
2521,SJ1,17,294,205,1.5,O,B2B,11/18/2016,N,,
2521,SJ1,17,166,174,8.5,O,B2-3,11/18/2016,Y,0.55,
2521,SJ1,17,180,183,5.5,H,B3-4,11/18/2016,N,,
2521,SJ1,17,182,186,5.5,O,B3-4,11/18/2016,N,,
2521,SJ1,17,224,195,2.5,O,B3A-B,11/18/2016,N,,
2521,SJ1,17,282,204,1.5,H,B3A-B,11/18/2016,N,,
2521,SJ1,17,286,202,1.25,O,B3A-B,11/18/2016,N,,
2522,RB1,17,82,175,2.5,O,A1A,11/28/2016,N,,
2522,RB1,17,129,165,2.5,H,A1A2-3,11/28/2016,N,,
2522,RB1,17,190,150,0.5,O,A1B6,11/28/2016,N,,
2522,RB1,17,229,221,1.25,O,A1B7A2-3,11/28/2016,N,,
2522,RB1,17,185,176,0.25,H,A1C3B-C,11/28/2016,N,,
2522,RB1,17,185,176,0.25,H,A1C3B-C,11/28/2016,N,,
2522,RB1,17,177,198,0.75,O,A1B3,11/28/2016,N,,
2522,RB1,17,192,178,1.75,O,A2I-J,11/28/2016,N,,
2522,RB1,17,109,182,1.5,O,B1A,11/28/2016,N,,
2522,RB1,17,131,175,4.5,O,A3-4,11/28/2016,N,,
2522,RB1,17,294,192,0.75,H,A13B,11/28/2016,N,,
2522,RB1,17,296,182,0.75,O,A13C,11/28/2016,N,,
2522,RB1,13,152,151,1.25,O,A1A1,11/28/2016,N,,
2522,RB1,13,205,173,1.25,H,A1A6,11/28/2016,N,,
2522,RB1,13,186,175,1,O,A1A7,11/28/2016,Y,1.4,
2522,RB1,13,184,175,1.5,O,A1A8-9,11/28/2016,N,,
2522,RB1,13,285,186,1.75,H,A2E2-3,11/28/2016,N,,
2522,RB1,13,317,200,1.5,O,A2E5-6,11/28/2016,N,,
2522,RB1,13,336,190,1.25,O,A2H2-3,11/28/2016,N,,
2522,RB1,13,303,199,1.5,H,A2K,11/28/2016,N,,
2522,RB1,13,310,202,1.5,O,A2K,11/28/2016,N,,
2522,RB1,13,325,173,1.25,O,B3A5,11/28/2016,N,,
2522,RB1,13,315,173,2,H,B3A6-7,11/28/2016,N,,
2522,RB1,13,298,152,0.75,O,B6B-C,11/28/2016,N,,
2522,RB1,14,11,122,9,O,A,11/28/2016,N,,
2522,RB1,14,87,176,7,H,A2-3,11/28/2016,N,,
2522,RB1,14,101,188,6,O,A2-3,11/28/2016,N,,
2522,RB1,14,260,165,1,O,A1A3-4,11/28/2016,N,,
2522,RB1,14,116,130,1.5,H,B1A,11/28/2016,N,,
2522,RB1,14,4,115,12,O,C,11/28/2016,N,,
2522,RB1,14,201,222,1.25,O,C5A,11/28/2016,N,,
2522,RB1,14,222,169,1.5,H,D1A5-6,11/28/2016,N,,
2522,RB1,10,236,208,3,O,A4-5,11/28/2016,N,,
2522,RB1,10,249,201,2,H,A6,11/28/2016,N,,
2522,RB1,10,269,192,2,O,A6B-C,11/28/2016,N,,
2522,RB1,10,301,208,1.75,O,A10-11,11/28/2016,N,,
2522,RB1,10,322,216,1.5,H,A13-14,11/28/2016,Y,0.135,
2522,RB1,10,203,182,3,O,B2B-C,11/28/2016,N,,
2522,RB1,10,72,168,6,O,C1-2,11/28/2016,N,,
2522,RB1,10,138,166,4.5,H,C1-2,11/28/2016,N,,
2522,RB1,10,255,188,0.75,O,C1A5,11/28/2016,N,,
2522,RB1,15,160,188,2.75,O,A2C-D,11/28/2016,N,,
2522,RB1,15,214,179,2,H,A2G,11/28/2016,Y,1.2,
2522,RB1,15,224,194,1,O,A2H,11/28/2016,N,,
2522,RB1,15,181,210,5,O,A6-7,11/28/2016,N,,
2522,RB1,15,245,220,0.75,H,A7C3,11/28/2016,N,,
2522,RB1,15,180,129,2,O,C1A5-6,11/28/2016,N,,
2522,RB1,15,227,148,1.5,O,C1C9A,11/28/2016,N,,
2522,RB1,15,105,156,3,H,C1D1-2,11/28/2016,N,,
2522,RB1,15,142,186,2.25,O,C2B1-2,11/28/2016,N,,
2522,RB1,15,266,212,1.25,O,C4E2-3,11/28/2016,N,,
2522,RB1,12,-,73,15,O,MT,11/28/2016,N,,
2522,RB1,12,-,76,16.5,H,MT,11/28/2016,N,,
2522,RB1,12,197,202,4,O,A1E-F,11/28/2016,N,,
2522,RB1,12,286,201,0.75,O,A1F3A,11/28/2016,N,,
2522,RB1,12,200,139,1.75,H,D2G,11/28/2016,N,,
2522,RB1,12,205,135,1.75,O,D2G,11/28/2016,N,,
2522,RB1,12,84,170,9,O,A1,11/28/2016,N,,
2522,RB1,12,230,170,1.25,H,A2B3K-L,11/28/2016,Y,1.2,
2522,RB1,12,231,169,1.25,O,A2B3K-L,11/28/2016,N,,
2522,RB1,18,152,159,0.75,O,A1B,11/28/2016,N,,
2522,RB1,18,245,125,1,H,A3D-E,11/28/2016,Y,1.5,
2522,RB1,18,316,196,1,O,B1G1,11/28/2016,N,,
2522,RB1,18,328,198,0.75,O,B1G2,11/28/2016,N,,
2522,RB1,18,336,178,1,H,B1D5-6,11/28/2016,N,,
2522,RB1,18,229,90,1,O,A5B-C,11/28/2016,N,,
2522,RB1,16,133,202,1,O,A2C,11/28/2016,N,,
2522,RB1,16,169,192,0.75,H,B1A4,11/28/2016,Y,1.1,
2522,RB1,16,150,184,1.25,O,B1A4-5,11/28/2016,N,,
2523,RB2,9,115,146,4.5,O,A2A-B,11/28/2016,N,,
2523,RB2,9,149,158,4,H,A2B,11/29/2016,Y,1.35,
2523,RB2,9,266,162,1,O,A2D1,11/29/2016,N,,
2523,RB2,9,117,140,4.5,O,A3B,11/29/2016,N,,
2523,RB2,9,103,156,5,H,A3B-C,11/29/2016,Y,1.5,
2523,RB2,9,117,158,3,O,A3C,11/29/2016,N,,
2523,RB2,9,78,133,8,O,A4A-B,11/29/2016,N,,
2523,RB2,9,212,128,3,H,A4B1,11/29/2016,Y,1.2,
2523,RB2,9,251,150,1.5,O,A4B1A,11/29/2016,N,,
2523,RB2,9,169,101,3,O,A4B1-2,11/29/2016,N,,
2523,RB2,9,203,102,2.25,H,A4B2,11/29/2016,N,,
2523,RB2,9,209,104,2.25,O,A4B2,11/29/2016,N,,
2523,RB2,15,77,135,5.5,O,A1,11/29/2016,N,,
2523,RB2,15,77,135,5.5,O,A1,11/29/2016,N,,
2523,RB2,15,82,128,5.5,H,A1,11/29/2016,Y,1.45,
2523,RB2,15,82,128,5.5,H,A1,11/29/2016,Y,1.2,
2523,RB2,15,94,132,5.5,O,A1,11/29/2016,N,,
2523,RB2,15,98,129,5.5,O,A1,11/29/2016,N,,
2523,RB2,15,130,124,4,O,A1,11/29/2016,N,,
2523,RB2,15,104,187,5.5,H,B2A,11/29/2016,N,,
2523,RB2,15,110,179,6.5,O,B2A-B,11/29/2016,N,,
2523,RB2,15,116,174,6.5,O,B2A-B,11/29/2016,N,,
2523,RB2,15,172,155,5,H,B2B-C,11/29/2016,Y,1.5,
2523,RB2,15,216,154,0.75,O,B2E,11/29/2016,N,,
2523,RB2,13,91,149,1.75,O,A2,11/29/2016,N,,
2523,RB2,13,97,154,1.75,H,A2,11/29/2016,Y,1.6,
2523,RB2,13,100,157,1.75,O,A2,11/29/2016,N,,
2523,RB2,13,102,159,1.75,O,A2,11/29/2016,Y,1.6,
2523,RB2,13,112,147,2,H,A3,11/29/2016,Y,0.95,
2523,RB2,13,110,141,2.5,O,A3-4,11/29/2016,N,,
2523,RB2,13,141,148,2,O,A5-6,11/29/2016,N,1.6,
2523,RB2,13,148,140,1.25,H,A4A-B,11/29/2016,N,0.95,
2523,RB2,13,154,138,1.25,O,A4A-B,11/29/2016,N,,
2523,RB2,13,154,139,0.75,O,A5,11/29/2016,Y,1.45,
2523,RB2,13,172,156,1.25,H,A6-7,11/29/2016,N,,
2523,RB2,13,193,121,0.75,O,A3B2-3,11/29/2016,N,,
2523,RB2,11,14,113,5.5,O,A,11/29/2016,N,,
2523,RB2,11,47,136,3.5,H,A1,11/29/2016,N,,
2523,RB2,11,82,166,2.5,O,A1B-C,11/29/2016,N,,
2523,RB2,11,41,124,4,O,A1-2,11/29/2016,N,,
2523,RB2,11,48,129,4,H,A1-2,11/29/2016,N,,
2523,RB2,11,51,130,3.5,O,A1-2,11/29/2016,N,,
2523,RB2,11,53,131,3.5,O,A1-2,11/29/2016,N,,
2523,RB2,11,64,137,3.5,H,A1-2,11/29/2016,N,,
2523,RB2,11,142,144,1,O,A2,11/29/2016,N,,
2523,RB2,11,84,152,3.5,O,A4-5,11/29/2016,N,,
2523,RB2,11,89,157,3,H,A5-6,11/29/2016,N,,
2523,RB2,11,44,134,2,O,B1B,11/29/2016,N,,
2523,RB2,12,65,94,1,O,A1A,11/29/2016,N,,
2523,RB2,12,234,104,1,H,A1F,11/29/2016,N,,
2523,RB2,12,21,69,5.5,O,A1-2,11/29/2016,N,,
2523,RB2,12,28,74,5.5,O,A1-2,11/29/2016,N,,
2523,RB2,12,148,163,4,H,A3-4,11/29/2016,N,,
2523,RB2,12,7,65,3,O,B,11/29/2016,N,,
2523,RB2,12,20,77,3,O,B,11/29/2016,N,,
2523,RB2,12,57,92,1.75,H,C1B-C,11/29/2016,N,,
2523,RB2,12,36,82,3.5,O,C2-3,11/29/2016,N,,
2523,RB2,12,38,82,3.5,O,C2-3,11/29/2016,N,,
2523,RB2,12,150,106,1.75,H,C6,11/29/2016,N,,
2523,RB2,12,73,99,1.75,O,C1B-C,11/29/2016,N,,
2523,RB2,10,16,86,7,O,A,11/29/2016,N,,
2523,RB2,10,26,94,6.5,H,A,11/29/2016,Y,1.35,
2523,RB2,10,36,107,6.5,O,A,11/29/2016,N,,
2523,RB2,10,47,117,6,O,A,11/29/2016,N,,
2523,RB2,10,55,123,6,H,A,11/29/2016,N,,
2523,RB2,10,103,170,6,O,A,11/29/2016,N,,
2523,RB2,10,12,78,7.5,O,B1-2,11/29/2016,N,,
2523,RB2,10,20,87,7.5,H,B1-2,11/29/2016,N,,
2523,RB2,10,45,106,3.5,O,B2,11/29/2016,N,,
2523,RB2,10,49,110,3.5,O,B2,11/29/2016,N,,
2523,RB2,10,82,146,3.5,H,B2,11/29/2016,N,,
2523,RB2,10,109,171,3.5,O,B2,11/29/2016,N,,
2523,RB2,16,13,80,10,O,A,11/29/2016,N,,
2523,RB2,16,109,150,4.5,H,A1,11/29/2016,N,,
2523,RB2,16,131,155,3,O,A1,11/29/2016,N,,
2523,RB2,16,135,155,3,O,A1,11/29/2016,N,,
2523,RB2,16,212,177,1.5,H,A3A3-4,11/29/2016,N,,
2523,RB2,16,219,176,1.5,O,A3A3-4,11/29/2016,N,,
2523,RB2,16,8,75,10,O,B,11/29/2016,N,,
2523,RB2,16,45,112,9,H,B,11/29/2016,N,,
2523,RB2,16,202,132,1.5,O,B1A1,11/29/2016,N,,
2523,RB2,16,234,128,1.25,O,B1A1A-B,11/29/2016,N,,
2523,RB2,16,214,124,1.25,H,B1A2-3,11/29/2016,N,,
2523,RB2,16,232,107,1.25,O,B1A3-4,11/29/2016,N,,
2523,RB2,14,141,177,2.5,O,A3A,11/29/2016,N,,
2523,RB2,14,212,192,1.25,H,A3D,11/29/2016,Y,1.7,
2523,RB2,14,151,182,5.5,O,A4-5,11/29/2016,N,,
2523,RB2,14,152,187,4.5,O,A5-6,11/29/2016,N,,
2523,RB2,14,168,189,4.5,H,A5-6,11/29/2016,Y,1.4,
2523,RB2,14,203,188,3.5,O,A8A-B,11/29/2016,N,,
2523,RB2,14,206,188,3.5,O,A8A-B,11/29/2016,N,,
2523,RB2,14,210,188,3.5,H,A8A-B,11/29/2016,N,,
2523,RB2,14,225,188,3.5,O,A8-9,11/29/2016,N,,
2523,RB2,14,231,184,3.5,O,A9-10,11/29/2016,N,,
2523,RB2,14,42,91,10.5,H,B,11/29/2016,Y,1.35,
2523,RB2,14,118,167,10,O,B,11/29/2016,N,,
2524,RB1,17,193,149,0.5,O,A1B6,11/28/2016,N,,
2524,RB1,17,206,157,2,H,A1H,11/28/2016,Y,0.8,
2524,RB1,17,233,182,0.75,O,A1L,11/28/2016,N,,
2524,RB1,17,245,194,0.5,O,A1L,11/28/2016,N,,
2524,RB1,17,255,177,0.75,H,A1M1,11/28/2016,N,,
2524,RB1,17,231,203,1.5,O,A2G5-6,11/28/2016,Y,0.75,
2524,RB1,17,237,202,1.5,O,A2G6-7,11/28/2016,N,,
2524,RB1,17,236,168,1.5,H,A2K-L,11/28/2016,Y,0.85,
2524,RB1,17,261,185,1,O,A10H,11/28/2016,N,,
2524,RB1,17,160,195,1,O,B2B6A-B,11/28/2016,N,,
2524,RB1,17,211,225,0.75,H,B2K2,11/28/2016,N,,
2524,RB1,17,221,215,1,O,B2K3,11/28/2016,N,,
2524,RB1,20,131,160,1,O,A2C1-2,11/28/2016,N,,
2524,RB1,20,161,148,1,H,A2D1,11/28/2016,N,,
2524,RB1,20,139,168,1,O,A2E-F,11/28/2016,N,,
2524,RB1,20,174,145,0.75,O,A3D2,11/28/2016,N,,
2524,RB1,20,192,144,0.75,H,A3D3-4,11/28/2016,N,,
2524,RB1,20,124,205,0.5,O,A5C1A,11/28/2016,N,,
2524,RB1,20,191,173,0.75,O,A6D2-3,11/28/2016,N,,
2524,RB1,20,149,209,1,H,B1A4A,11/28/2016,N,,
2524,RB1,20,135,203,1,O,B1A1A,11/28/2016,N,,
2524,RB1,20,144,201,1,O,B1A1A,11/28/2016,N,,
2524,RB1,20,132,212,1,H,B1A1B,11/28/2016,N,,
2524,RB1,20,98,196,1.75,O,B1A4-5,11/28/2016,N,,
2524,RB1,14,98,182,5.5,O,A2-3,11/28/2016,N,,
2524,RB1,14,100,172,5.5,H,A1,11/28/2016,N,,
2524,RB1,14,50,141,3,O,B1,11/28/2016,N,,
2524,RB1,14,131,173,1,O,B4A-B,11/28/2016,N,,
2524,RB1,14,137,202,1.35,H,C1A2,11/28/2016,N,,
2524,RB1,14,149,202,1.35,O,C1A2,11/28/2016,N,,
2524,RB1,14,75,160,1.75,O,C3,11/28/2016,N,,
2524,RB1,14,4,106,12,H,D,11/28/2016,N,,
2524,RB1,14,267,204,1.5,O,D1D2,11/28/2016,N,,
2524,RB1,14,276,193,1.75,O,D1D4-5,11/28/2016,N,,
2524,RB1,22,110,107,2.5,O,A1B,11/28/2016,N,,
2524,RB1,22,143,88,1.25,H,A1F,11/28/2016,N,,
2524,RB1,22,145,86,1.25,O,A1F,11/28/2016,N,,
2524,RB1,22,199,71,0.75,O,A1F1,11/28/2016,N,,
2524,RB1,22,202,70,0.75,H,A1F1,11/28/2016,N,,
2524,RB1,22,88,127,3,O,A3,11/28/2016,N,,
2524,RB1,22,90,128,3,O,A3,11/28/2016,N,,
2524,RB1,22,134,145,2.5,H,A3A-B,11/28/2016,Y,0.8,
2524,RB1,22,146,154,1.5,O,A3C,11/28/2016,N,,
2524,RB1,22,149,156,1.5,O,A3C,11/28/2016,N,,
2524,RB1,22,203,177,0.75,H,A5C1A,11/28/2016,N,,
2524,RB1,22,204,181,0.75,O,A5C2,11/28/2016,N,,
2524,RB1,12,248,177,0.75,O,A3A,11/28/2016,Y,0.9,
2524,RB1,12,225,203,3,O,A3H-I,11/28/2016,N,,
2524,RB1,12,123,150,0.75,O,B1A,11/28/2016,N,,
2524,RB1,12,116,138,1,H,B3,11/28/2016,N,,
2524,RB1,12,194,152,0.75,O,B6D,11/28/2016,N,,
2524,RB1,12,144,129,2.5,O,B7-8,11/28/2016,Y,0.9,
2524,RB1,12,248,125,1.25,H,B14-15,11/28/2016,N,,Asterisk in scanned doc next to branch code but no explanation
2524,RB1,12,141,138,2,O,D2B,11/28/2016,Y,0.75,
2524,RB1,12,154,142,0.25,O,D2C,11/28/2016,N,,
2524,RB1,12,226,144,1.25,H,D2J,11/28/2016,N,,
2524,RB1,12,111,181,7,O,A2,11/28/2016,Y,1,
2524,RB1,12,244,214,1.5,O,A4H,11/28/2016,N,,
2524,RB1,12,188,224,0.5,H,A1C,11/28/2016,N,,
2524,RB1,12,253,182,1.5,O,D2H2,11/28/2016,N,,
2524,RB1,19,149,204,1.25,O,A1D4-5,11/28/2016,N,,
2524,RB1,19,264,126,1.25,H,B1G4-5,11/28/2016,N,,
2524,RB1,19,107,158,8,O,B2,11/28/2016,N,,
2524,RB1,19,19,78,4.5,O,C,11/28/2016,N,,
2524,RB1,21,149,183,1.25,O,B1F-G,11/28/2016,N,,
2524,RB1,21,179,193,1,H,B1H-I,11/28/2016,N,,
2524,RB1,21,118,146,1,O,B3C,11/28/2016,N,,
2524,RB1,21,113,150,1,O,B3E,11/28/2016,N,,
2524,RB1,21,143,158,1.5,H,B3G,11/28/2016,N,,
2524,RB1,21,167,145,0.5,O,B3H,11/28/2016,N,,
2524,RB1,21,220,180,1,O,B3K2-3,11/28/2016,N,,
2524,RB1,21,229,186,1,H,B3K2-3,11/28/2016,N,,
2524,RB1,21,172,154,1.25,O,B3K-L,11/28/2016,N,,
2524,RB1,21,188,154,1.5,O,B3K-L,11/28/2016,N,,
2524,RB1,21,79,107,1.25,H,C4-5,11/28/2016,N,,
2524,RB1,21,152,172,2.25,O,D1B,11/28/2016,N,,
2525,RB2,9,71,131,8,O,A4A-B,11/29/2016,N,,
2525,RB2,9,146,118,3,H,A4B1,11/29/2016,N,,
2525,RB2,9,159,126,3,O,A4B1-2,11/29/2016,N,,
2525,RB2,9,159,126,3,O,A4B1-2,11/29/2016,N,,
2525,RB2,9,188,130,3,H,A4B1-2,11/29/2016,Y,1.05,
2525,RB2,9,207,130,3,O,A4B1-2,11/29/2016,N,,
2525,RB2,9,207,130,3,O,A4B1-2,11/29/2016,N,,
2525,RB2,9,238,127,3,H,A4B2-3,11/29/2016,N,,
2525,RB2,9,242,126,3,O,A4B2-3,11/29/2016,N,,
2525,RB2,9,155,152,2,O,A6A,11/29/2016,N,,
2525,RB2,9,158,135,3,H,A7,11/29/2016,N,,
2525,RB2,9,222,137,2.5,O,A7,11/29/2016,N,,
2525,RB2,15,97,132,5,O,A1,11/29/2016,N,,
2525,RB2,15,85,142,6.5,H,A1-2,11/29/2016,N,,
2525,RB2,15,106,158,6.5,O,A2-3,11/29/2016,N,,
2525,RB2,15,106,160,6.5,O,A2-3,11/29/2016,N,,
2525,RB2,15,136,176,4.5,H,A3-4,11/29/2016,Y,1,
2525,RB2,15,149,178,2,O,A5,11/29/2016,N,,
2525,RB2,15,149,173,3,O,A5-6,11/29/2016,N,,
2525,RB2,15,151,173,3,H,A5-6,11/29/2016,N,,
2525,RB2,15,159,177,3,O,A6-7,11/29/2016,N,,
2525,RB2,15,167,174,3,O,A8-9,11/29/2016,N,,
2525,RB2,15,69,144,11,H,B1,11/29/2016,N,,
2525,RB2,15,99,141,4,O,B1A1,11/29/2016,N,,
2525,RB2,16,119,155,3.5,O,A1,11/29/2016,N,,
2525,RB2,16,130,155,3,H,A1,11/29/2016,Y,0.8,
2525,RB2,16,130,155,3,H,A1,11/29/2016,N,,
2525,RB2,16,211,150,2,O,A3B-C,11/29/2016,N,,
2525,RB2,16,248,143,1.25,O,A3C,11/29/2016,N,,
2525,RB2,16,79,143,6.5,O,B2,11/29/2016,Y,0.75,
2525,RB2,16,85,147,6.5,O,B2,11/29/2016,N,,
2525,RB2,16,180,160,2.5,H,B2A1,11/29/2016,N,,
2525,RB2,16,203,132,1.5,O,B1A2-3,11/29/2016,N,,
2525,RB2,16,137,174,3.5,O,B3,11/29/2016,N,,
2525,RB2,16,126,177,5.5,H,B3-4,11/29/2016,N,,
2525,RB2,16,185,163,3,O,B3A-B,11/29/2016,N,,
2525,RB2,13,23,107,4,O,B,11/29/2016,N,,
2525,RB2,13,129,147,1.5,H,B1,11/29/2016,N,,
2525,RB2,13,135,144,1.5,O,B1,11/29/2016,N,,
2525,RB2,13,159,176,1,O,B2,11/29/2016,N,,
2525,RB2,13,127,141,3,H,B5-6,11/29/2016,N,,
2525,RB2,13,110,165,1.25,O,A1,11/29/2016,N,,
2525,RB2,13,103,145,2,O,A3,11/29/2016,Y,0.9,
2525,RB2,13,121,148,2,H,A3,11/29/2016,N,,
2525,RB2,13,127,150,0.75,O,A3A,11/29/2016,N,,
2525,RB2,13,131,150,0.75,O,A3A,11/29/2016,N,,
2525,RB2,13,128,150,1.75,H,A3B-C,11/29/2016,N,,
2525,RB2,13,135,153,1.75,O,A3C-D,11/29/2016,N,,
2525,RB2,11,-,89,13,O,MT,11/29/2016,N,,
2525,RB2,11,-,97,13,H,MT,11/29/2016,N,,
2525,RB2,11,-,103,14,O,MT,11/29/2016,N,,
2525,RB2,11,60,133,1.75,O,B1A,11/29/2016,N,,
2525,RB2,11,61,134,0.75,H,B1B2,11/29/2016,N,,
2525,RB2,11,57,131,1.25,O,B1C6-7,11/29/2016,N,,
2525,RB2,11,60,130,1.25,O,B1C6-7,11/29/2016,N,,
2525,RB2,11,42,150,6,H,B1C-D,11/29/2016,N,,
2525,RB2,11,10,126,12,O,B1-2,11/29/2016,N,,
2525,RB2,11,10,126,12,O,B1-2,11/29/2016,N,,
2525,RB2,11,15,113,5.5,H,A,11/29/2016,N,,
2525,RB2,11,20,115,5,O,A,11/29/2016,N,,
2525,RB2,12,34,75,4.5,O,A1,11/29/2016,N,,
2525,RB2,12,54,90,4,H,A1,11/29/2016,N,,
2525,RB2,12,58,91,4,O,A1,11/29/2016,N,,
2525,RB2,12,87,99,2,O,A1C,11/29/2016,N,,
2525,RB2,12,128,114,3.5,H,A1C-D,11/29/2016,N,,
2525,RB2,12,183,118,1.25,O,A1G,11/29/2016,N,,
2525,RB2,12,153,170,3.5,O,A3,11/29/2016,N,,
2525,RB2,12,130,150,4,H,A3-4,11/29/2016,N,,
2525,RB2,12,137,153,3.5,O,A4-5,11/29/2016,N,,
2525,RB2,12,141,153,3.5,O,A4-5,11/29/2016,N,,
2525,RB2,12,182,167,2.5,H,A5-6,11/29/2016,N,,
2525,RB2,12,219,172,1.5,O,A6,11/29/2016,N,,
2525,RB2,10,35,104,7,O,A,11/29/2016,N,,
2525,RB2,10,29,94,3,H,B1,11/29/2016,N,,
2525,RB2,10,32,94,3,O,B1,11/29/2016,N,,
2525,RB2,10,67,113,2,O,B1A,11/29/2016,N,,
2525,RB2,10,92,158,3.5,H,B2,11/29/2016,N,,
2525,RB2,10,110,172,4,O,B2B ,11/29/2016,N,,
2525,RB2,10,128,182,2,O,B2B1-2,11/29/2016,N,,
2525,RB2,10,148,184,1.75,H,B2B1-2,11/29/2016,N,,
2525,RB2,10,46,108,6,O,B2-3,11/29/2016,N,,
2525,RB2,10,73,136,6,O,B2-3,11/29/2016,N,,
2525,RB2,10,73,136,6,O,B2-3,11/29/2016,N,,
2525,RB2,10,85,147,5.5,H,B2-3,11/29/2016,N,,
2525,RB2,14,5,50,7.5,O,A,11/29/2016,Y,0.9,
2525,RB2,14,9,56,7.5,H,A,11/29/2016,N,,
2525,RB2,14,51,96,7,O,A,11/29/2016,N,,
2525,RB2,14,127,154,3.5,O,A1,11/29/2016,N,,
2525,RB2,14,153,176,2.5,H,A1,11/29/2016,N,,
2525,RB2,14,162,157,1.75,O,A2A,11/29/2016,N,,
2525,RB2,14,176,155,1.75,O,A2A,11/29/2016,N,,
2525,RB2,14,185,167,2,H,A2B-C,11/29/2016,N,,
2525,RB2,14,198,171,2,O,A2C,11/29/2016,N,,
2525,RB2,14,219,175,1.75,O,A2C-D,11/29/2016,N,,
2525,RB2,14,223,177,1.75,H,A2C-D,11/29/2016,N,,
2525,RB2,14,245,183,1.5,O,A2D,11/29/2016,N,,